date,channel,conversions,revenue
2025-01-01,Google Ads,448,51784.54
2025-01-01,Meta Ads,82,5513.02
2025-01-01,LinkedIn Ads,98,25808.86
2025-01-01,Email Marketing,101,7828.51
2025-01-01,Affiliate Partners,120,9612.71
2025-01-02,Google Ads,190,24791.66
2025-01-02,Meta Ads,119,11588.25
2025-01-02,LinkedIn Ads,104,22640.79
2025-01-02,Email Marketing,54,3392.14
2025-01-02,Affiliate Partners,66,5966.54
2025-01-03,Google Ads,288,39138.93
2025-01-03,Meta Ads,141,14135.75
2025-01-03,LinkedIn Ads,62,16627.11
2025-01-03,Email Marketing,50,3223.04
2025-01-03,Affiliate Partners,74,3948.38
2025-01-04,Google Ads,169,17670.54
2025-01-04,Meta Ads,125,8395.58
2025-01-04,LinkedIn Ads,76,18282.64
2025-01-04,Email Marketing,122,7559.48
2025-01-04,Affiliate Partners,94,5945.7
2025-01-05,Google Ads,258,30356.67
2025-01-05,Meta Ads,107,9886.83
2025-01-05,LinkedIn Ads,40,10670.44
2025-01-05,Email Marketing,88,5685.11
2025-01-05,Affiliate Partners,201,14833.4
2025-01-06,Google Ads,358,37784.61
2025-01-06,Meta Ads,233,22171.54
2025-01-06,LinkedIn Ads,102,25550.18
2025-01-06,Email Marketing,84,5589.7
2025-01-06,Affiliate Partners,123,11482.42
2025-01-07,Google Ads,174,16061.45
2025-01-07,Meta Ads,79,5336.61
2025-01-07,LinkedIn Ads,68,16914.89
2025-01-07,Email Marketing,136,7639.41
2025-01-07,Affiliate Partners,85,7064.27
2025-01-08,Google Ads,542,59172.27
2025-01-08,Meta Ads,129,10552.17
2025-01-08,LinkedIn Ads,42,11554.27
2025-01-08,Email Marketing,135,6818.35
2025-01-08,Affiliate Partners,245,22581.88
2025-01-09,Google Ads,63,8333.74
2025-01-09,Meta Ads,264,19314.72
2025-01-09,LinkedIn Ads,46,12202.19
2025-01-09,Email Marketing,106,8296.85
2025-01-09,Affiliate Partners,193,16571.06
2025-01-10,Google Ads,328,44512.8
2025-01-10,Meta Ads,242,20947.31
2025-01-10,LinkedIn Ads,64,14530.14
2025-01-10,Email Marketing,51,4007.62
2025-01-10,Affiliate Partners,92,8911.61
2025-01-11,Google Ads,242,31089.52
2025-01-11,Meta Ads,149,13357.36
2025-01-11,LinkedIn Ads,135,34206.25
2025-01-11,Email Marketing,88,5986.46
2025-01-11,Affiliate Partners,120,8813.82
2025-01-12,Google Ads,331,48406.68
2025-01-12,Meta Ads,178,12569.66
2025-01-12,LinkedIn Ads,195,47278.8
2025-01-12,Email Marketing,60,4464.8
2025-01-12,Affiliate Partners,171,11669.64
2025-01-13,Google Ads,110,11688.28
2025-01-13,Meta Ads,200,17798.47
2025-01-13,LinkedIn Ads,44,11450.15
2025-01-13,Email Marketing,139,8520.59
2025-01-13,Affiliate Partners,227,19861.43
2025-01-14,Google Ads,202,24470.14
2025-01-14,Meta Ads,221,21488.66
2025-01-14,LinkedIn Ads,81,21306.02
2025-01-14,Email Marketing,113,6616.23
2025-01-14,Affiliate Partners,187,16876.74
2025-01-15,Google Ads,516,70224.85
2025-01-15,Meta Ads,328,25652.95
2025-01-15,LinkedIn Ads,132,33601.56
2025-01-15,Email Marketing,75,4990.28
2025-01-15,Affiliate Partners,121,7250.43
2025-01-16,Google Ads,670,74311.1
2025-01-16,Meta Ads,354,42440.26
2025-01-16,LinkedIn Ads,53,12813.1
2025-01-16,Email Marketing,166,10656.04
2025-01-16,Affiliate Partners,112,9002.65
2025-01-17,Google Ads,553,66245.22
2025-01-17,Meta Ads,207,17098.85
2025-01-17,LinkedIn Ads,192,44381.26
2025-01-17,Email Marketing,139,9148.36
2025-01-17,Affiliate Partners,59,5419.48
2025-01-18,Google Ads,320,41138.94
2025-01-18,Meta Ads,70,5952.13
2025-01-18,LinkedIn Ads,53,12387.31
2025-01-18,Email Marketing,78,8910.44
2025-01-18,Affiliate Partners,73,4360.57
2025-01-19,Google Ads,335,42621.38
2025-01-19,Meta Ads,353,34676.34
2025-01-19,LinkedIn Ads,43,10669.08
2025-01-19,Email Marketing,50,3564.42
2025-01-19,Affiliate Partners,77,5894.58
2025-01-20,Google Ads,171,20969.42
2025-01-20,Meta Ads,315,30086.35
2025-01-20,LinkedIn Ads,152,40101.71
2025-01-20,Email Marketing,97,7401.24
2025-01-20,Affiliate Partners,223,24719.14
2025-01-21,Google Ads,155,19701.19
2025-01-21,Meta Ads,200,19666.54
2025-01-21,LinkedIn Ads,68,16574.29
2025-01-21,Email Marketing,37,3131.58
2025-01-21,Affiliate Partners,303,18578.21
2025-01-22,Google Ads,153,16731.51
2025-01-22,Meta Ads,120,10409.37
2025-01-22,LinkedIn Ads,104,29785.68
2025-01-22,Email Marketing,140,6907.0
2025-01-22,Affiliate Partners,129,12296.38
2025-01-23,Google Ads,206,19819.31
2025-01-23,Meta Ads,75,8854.84
2025-01-23,LinkedIn Ads,68,16114.34
2025-01-23,Email Marketing,198,6031.83
2025-01-23,Affiliate Partners,89,7557.64
2025-01-24,Google Ads,647,67800.14
2025-01-24,Meta Ads,244,18572.95
2025-01-24,LinkedIn Ads,120,28388.38
2025-01-24,Email Marketing,149,8204.35
2025-01-24,Affiliate Partners,196,18203.85
2025-01-25,Google Ads,493,59442.77
2025-01-25,Meta Ads,62,5301.3
2025-01-25,LinkedIn Ads,133,38478.48
2025-01-25,Email Marketing,96,8828.42
2025-01-25,Affiliate Partners,196,16505.07
2025-01-26,Google Ads,474,59525.67
2025-01-26,Meta Ads,143,12756.06
2025-01-26,LinkedIn Ads,121,32240.09
2025-01-26,Email Marketing,75,3765.85
2025-01-26,Affiliate Partners,80,5439.95
2025-01-27,Google Ads,298,41291.35
2025-01-27,Meta Ads,100,8935.76
2025-01-27,LinkedIn Ads,118,31001.72
2025-01-27,Email Marketing,114,6942.54
2025-01-27,Affiliate Partners,175,17150.21
2025-01-28,Google Ads,404,37108.09
2025-01-28,Meta Ads,125,10058.7
2025-01-28,LinkedIn Ads,17,4090.79
2025-01-28,Email Marketing,141,8590.97
2025-01-28,Affiliate Partners,122,11401.63
2025-01-29,Google Ads,491,63718.46
2025-01-29,Meta Ads,150,13046.64
2025-01-29,LinkedIn Ads,61,15797.9
2025-01-29,Email Marketing,151,8907.1
2025-01-29,Affiliate Partners,220,19109.03
2025-01-30,Google Ads,689,89961.08
2025-01-30,Meta Ads,164,14966.21
2025-01-30,LinkedIn Ads,73,18698.69
2025-01-30,Email Marketing,180,16389.1
2025-01-30,Affiliate Partners,202,14817.58
2025-01-31,Google Ads,247,30738.81
2025-01-31,Meta Ads,354,32907.62
2025-01-31,LinkedIn Ads,129,35539.42
2025-01-31,Email Marketing,40,2914.38
2025-01-31,Affiliate Partners,165,10644.5
2025-02-01,Google Ads,277,40757.67
2025-02-01,Meta Ads,131,10124.4
2025-02-01,LinkedIn Ads,84,19627.06
2025-02-01,Email Marketing,181,11664.07
2025-02-01,Affiliate Partners,122,9788.58
2025-02-02,Google Ads,423,45000.29
2025-02-02,Meta Ads,220,21485.61
2025-02-02,LinkedIn Ads,58,13927.68
2025-02-02,Email Marketing,181,9705.4
2025-02-02,Affiliate Partners,227,18745.11
2025-02-03,Google Ads,394,40332.24
2025-02-03,Meta Ads,156,15437.51
2025-02-03,LinkedIn Ads,25,6423.7
2025-02-03,Email Marketing,95,7858.65
2025-02-03,Affiliate Partners,97,8563.6
2025-02-04,Google Ads,461,50501.82
2025-02-04,Meta Ads,443,41600.64
2025-02-04,LinkedIn Ads,76,17850.25
2025-02-04,Email Marketing,69,5191.89
2025-02-04,Affiliate Partners,35,2850.06
2025-02-05,Google Ads,142,18486.57
2025-02-05,Meta Ads,126,10717.34
2025-02-05,LinkedIn Ads,101,25757.61
2025-02-05,Email Marketing,27,2080.05
2025-02-05,Affiliate Partners,78,7125.44
2025-02-06,Google Ads,210,21997.45
2025-02-06,Meta Ads,193,17256.21
2025-02-06,LinkedIn Ads,139,35446.1
2025-02-06,Email Marketing,54,4656.23
2025-02-06,Affiliate Partners,73,6521.17
2025-02-07,Google Ads,364,45791.97
2025-02-07,Meta Ads,203,24397.36
2025-02-07,LinkedIn Ads,56,14209.42
2025-02-07,Email Marketing,126,9093.84
2025-02-07,Affiliate Partners,103,7697.07
2025-02-08,Google Ads,172,18528.45
2025-02-08,Meta Ads,120,11699.76
2025-02-08,LinkedIn Ads,53,13542.28
2025-02-08,Email Marketing,90,7144.44
2025-02-08,Affiliate Partners,113,8035.96
2025-02-09,Google Ads,580,86601.17
2025-02-09,Meta Ads,104,7708.1
2025-02-09,LinkedIn Ads,128,35768.17
2025-02-09,Email Marketing,28,2384.81
2025-02-09,Affiliate Partners,88,6059.92
2025-02-10,Google Ads,288,39877.38
2025-02-10,Meta Ads,137,13486.72
2025-02-10,LinkedIn Ads,44,12311.46
2025-02-10,Email Marketing,194,12604.75
2025-02-10,Affiliate Partners,122,12604.11
2025-02-11,Google Ads,575,72578.21
2025-02-11,Meta Ads,109,9881.15
2025-02-11,LinkedIn Ads,81,17176.58
2025-02-11,Email Marketing,52,3828.23
2025-02-11,Affiliate Partners,126,10810.15
2025-02-12,Google Ads,146,21364.49
2025-02-12,Meta Ads,89,7388.15
2025-02-12,LinkedIn Ads,96,23893.52
2025-02-12,Email Marketing,118,8605.19
2025-02-12,Affiliate Partners,96,6051.91
2025-02-13,Google Ads,564,73005.82
2025-02-13,Meta Ads,165,17066.0
2025-02-13,LinkedIn Ads,54,13705.06
2025-02-13,Email Marketing,125,8686.98
2025-02-13,Affiliate Partners,75,5419.02
2025-02-14,Google Ads,393,45946.46
2025-02-14,Meta Ads,217,18954.6
2025-02-14,LinkedIn Ads,58,14072.7
2025-02-14,Email Marketing,67,4432.54
2025-02-14,Affiliate Partners,173,13679.72
2025-02-15,Google Ads,424,56441.93
2025-02-15,Meta Ads,205,14750.16
2025-02-15,LinkedIn Ads,68,16503.05
2025-02-15,Email Marketing,121,7072.46
2025-02-15,Affiliate Partners,223,16314.28
2025-02-16,Google Ads,302,38935.48
2025-02-16,Meta Ads,105,8799.53
2025-02-16,LinkedIn Ads,91,22707.09
2025-02-16,Email Marketing,99,7781.09
2025-02-16,Affiliate Partners,88,6565.29
2025-02-17,Google Ads,259,31794.2
2025-02-17,Meta Ads,390,37146.33
2025-02-17,LinkedIn Ads,55,13671.24
2025-02-17,Email Marketing,86,5916.03
2025-02-17,Affiliate Partners,145,13590.97
2025-02-18,Google Ads,391,46235.17
2025-02-18,Meta Ads,281,32619.26
2025-02-18,LinkedIn Ads,59,16371.81
2025-02-18,Email Marketing,134,10348.95
2025-02-18,Affiliate Partners,426,36596.36
2025-02-19,Google Ads,118,13666.38
2025-02-19,Meta Ads,215,19192.31
2025-02-19,LinkedIn Ads,37,9220.92
2025-02-19,Email Marketing,139,12329.77
2025-02-19,Affiliate Partners,72,6787.57
2025-02-20,Google Ads,208,19643.92
2025-02-20,Meta Ads,103,11684.66
2025-02-20,LinkedIn Ads,41,10100.32
2025-02-20,Email Marketing,122,12024.57
2025-02-20,Affiliate Partners,172,19484.45
2025-02-21,Google Ads,272,33846.15
2025-02-21,Meta Ads,186,20860.65
2025-02-21,LinkedIn Ads,30,7597.55
2025-02-21,Email Marketing,47,2874.85
2025-02-21,Affiliate Partners,146,10348.75
2025-02-22,Google Ads,139,15536.86
2025-02-22,Meta Ads,121,8884.67
2025-02-22,LinkedIn Ads,63,16900.97
2025-02-22,Email Marketing,29,1717.71
2025-02-22,Affiliate Partners,72,7034.1
2025-02-23,Google Ads,382,42796.14
2025-02-23,Meta Ads,149,10946.38
2025-02-23,LinkedIn Ads,49,12550.33
2025-02-23,Email Marketing,127,7292.49
2025-02-23,Affiliate Partners,113,9946.52
2025-02-24,Google Ads,120,13252.85
2025-02-24,Meta Ads,66,3873.84
2025-02-24,LinkedIn Ads,110,27448.75
2025-02-24,Email Marketing,73,4084.53
2025-02-24,Affiliate Partners,96,8100.76
2025-02-25,Google Ads,220,19013.84
2025-02-25,Meta Ads,111,8979.57
2025-02-25,LinkedIn Ads,85,17746.93
2025-02-25,Email Marketing,176,10930.71
2025-02-25,Affiliate Partners,83,6160.65
2025-02-26,Google Ads,276,33704.8
2025-02-26,Meta Ads,97,9847.74
2025-02-26,LinkedIn Ads,47,12108.33
2025-02-26,Email Marketing,122,4726.07
2025-02-26,Affiliate Partners,157,11883.06
2025-02-27,Google Ads,413,49278.05
2025-02-27,Meta Ads,263,21422.01
2025-02-27,LinkedIn Ads,118,26814.6
2025-02-27,Email Marketing,31,1976.47
2025-02-27,Affiliate Partners,96,7031.98
2025-02-28,Google Ads,255,28552.34
2025-02-28,Meta Ads,123,9721.39
2025-02-28,LinkedIn Ads,80,20822.61
2025-02-28,Email Marketing,238,16033.24
2025-02-28,Affiliate Partners,58,4725.32
2025-03-01,Google Ads,204,22280.37
2025-03-01,Meta Ads,385,33525.62
2025-03-01,LinkedIn Ads,27,6787.16
2025-03-01,Email Marketing,109,7439.97
2025-03-01,Affiliate Partners,230,23844.51
2025-03-02,Google Ads,355,47228.25
2025-03-02,Meta Ads,103,7896.12
2025-03-02,LinkedIn Ads,77,20261.83
2025-03-02,Email Marketing,209,12736.52
2025-03-02,Affiliate Partners,274,15181.72
2025-03-03,Google Ads,291,39270.03
2025-03-03,Meta Ads,166,16534.79
2025-03-03,LinkedIn Ads,50,12743.04
2025-03-03,Email Marketing,156,11119.39
2025-03-03,Affiliate Partners,184,14204.17
2025-03-04,Google Ads,318,43912.59
2025-03-04,Meta Ads,155,15035.01
2025-03-04,LinkedIn Ads,81,19097.07
2025-03-04,Email Marketing,116,9742.01
2025-03-04,Affiliate Partners,201,19503.89
2025-03-05,Google Ads,253,27230.97
2025-03-05,Meta Ads,66,5416.31
2025-03-05,LinkedIn Ads,43,11538.89
2025-03-05,Email Marketing,188,14154.06
2025-03-05,Affiliate Partners,204,10748.95
2025-03-06,Google Ads,332,30316.97
2025-03-06,Meta Ads,535,37169.27
2025-03-06,LinkedIn Ads,130,34277.16
2025-03-06,Email Marketing,55,4892.56
2025-03-06,Affiliate Partners,58,5112.83
2025-03-07,Google Ads,69,8553.26
2025-03-07,Meta Ads,258,26054.74
2025-03-07,LinkedIn Ads,111,24994.61
2025-03-07,Email Marketing,150,10223.9
2025-03-07,Affiliate Partners,96,6052.51
2025-03-08,Google Ads,451,64378.41
2025-03-08,Meta Ads,114,10383.18
2025-03-08,LinkedIn Ads,71,16736.21
2025-03-08,Email Marketing,90,6647.97
2025-03-08,Affiliate Partners,119,10116.5
2025-03-09,Google Ads,234,21383.6
2025-03-09,Meta Ads,223,18686.49
2025-03-09,LinkedIn Ads,78,20151.17
2025-03-09,Email Marketing,167,12907.52
2025-03-09,Affiliate Partners,218,20980.4
2025-03-10,Google Ads,201,23837.69
2025-03-10,Meta Ads,212,14986.82
2025-03-10,LinkedIn Ads,26,6272.4
2025-03-10,Email Marketing,83,3918.41
2025-03-10,Affiliate Partners,127,9300.54
2025-03-11,Google Ads,431,59479.69
2025-03-11,Meta Ads,256,21460.12
2025-03-11,LinkedIn Ads,212,47054.22
2025-03-11,Email Marketing,163,11875.59
2025-03-11,Affiliate Partners,250,18088.22
2025-03-12,Google Ads,345,28522.91
2025-03-12,Meta Ads,191,18489.3
2025-03-12,LinkedIn Ads,30,7526.54
2025-03-12,Email Marketing,227,14723.62
2025-03-12,Affiliate Partners,131,8588.23
2025-03-13,Google Ads,233,30092.71
2025-03-13,Meta Ads,244,19813.3
2025-03-13,LinkedIn Ads,196,51100.95
2025-03-13,Email Marketing,84,7340.43
2025-03-13,Affiliate Partners,109,9415.68
2025-03-14,Google Ads,400,39769.96
2025-03-14,Meta Ads,280,23988.1
2025-03-14,LinkedIn Ads,33,9108.79
2025-03-14,Email Marketing,49,3021.67
2025-03-14,Affiliate Partners,219,13570.94
2025-03-15,Google Ads,392,48906.63
2025-03-15,Meta Ads,135,11960.89
2025-03-15,LinkedIn Ads,32,7273.05
2025-03-15,Email Marketing,89,8572.84
2025-03-15,Affiliate Partners,108,9004.93
2025-03-16,Google Ads,419,42302.26
2025-03-16,Meta Ads,161,14978.62
2025-03-16,LinkedIn Ads,100,23900.45
2025-03-16,Email Marketing,39,3183.47
2025-03-16,Affiliate Partners,150,12526.56
2025-03-17,Google Ads,345,47612.75
2025-03-17,Meta Ads,383,23169.18
2025-03-17,LinkedIn Ads,100,24721.23
2025-03-17,Email Marketing,131,9058.8
2025-03-17,Affiliate Partners,72,3652.81
2025-03-18,Google Ads,208,19287.9
2025-03-18,Meta Ads,213,18868.2
2025-03-18,LinkedIn Ads,85,20148.55
2025-03-18,Email Marketing,27,2311.9
2025-03-18,Affiliate Partners,118,9210.75
2025-03-19,Google Ads,288,31506.22
2025-03-19,Meta Ads,227,26046.48
2025-03-19,LinkedIn Ads,71,16972.97
2025-03-19,Email Marketing,58,2934.97
2025-03-19,Affiliate Partners,164,14228.48
2025-03-20,Google Ads,74,7590.42
2025-03-20,Meta Ads,86,7351.89
2025-03-20,LinkedIn Ads,69,17652.59
2025-03-20,Email Marketing,44,2951.78
2025-03-20,Affiliate Partners,171,16369.93
2025-03-21,Google Ads,291,32809.25
2025-03-21,Meta Ads,343,33397.26
2025-03-21,LinkedIn Ads,101,25038.81
2025-03-21,Email Marketing,151,6245.31
2025-03-21,Affiliate Partners,230,18650.75
2025-03-22,Google Ads,230,27292.14
2025-03-22,Meta Ads,205,13126.56
2025-03-22,LinkedIn Ads,137,34334.92
2025-03-22,Email Marketing,122,10281.34
2025-03-22,Affiliate Partners,129,11236.17
2025-03-23,Google Ads,89,11810.44
2025-03-23,Meta Ads,235,20800.69
2025-03-23,LinkedIn Ads,54,13850.13
2025-03-23,Email Marketing,49,2909.89
2025-03-23,Affiliate Partners,144,11280.96
2025-03-24,Google Ads,555,73609.51
2025-03-24,Meta Ads,212,9835.78
2025-03-24,LinkedIn Ads,77,18050.48
2025-03-24,Email Marketing,79,4063.65
2025-03-24,Affiliate Partners,237,23683.32
2025-03-25,Google Ads,178,19740.64
2025-03-25,Meta Ads,245,20362.84
2025-03-25,LinkedIn Ads,87,20243.56
2025-03-25,Email Marketing,70,4490.58
2025-03-25,Affiliate Partners,99,7776.51
2025-03-26,Google Ads,154,16295.33
2025-03-26,Meta Ads,354,24866.03
2025-03-26,LinkedIn Ads,120,28196.01
2025-03-26,Email Marketing,47,2255.92
2025-03-26,Affiliate Partners,83,7854.26
2025-03-27,Google Ads,311,41884.34
2025-03-27,Meta Ads,356,26146.4
2025-03-27,LinkedIn Ads,173,41225.38
2025-03-27,Email Marketing,39,2029.88
2025-03-27,Affiliate Partners,246,22975.0
2025-03-28,Google Ads,370,42126.24
2025-03-28,Meta Ads,78,9689.53
2025-03-28,LinkedIn Ads,86,19519.8
2025-03-28,Email Marketing,114,9198.74
2025-03-28,Affiliate Partners,143,10641.38
2025-03-29,Google Ads,187,22959.42
2025-03-29,Meta Ads,150,14000.15
2025-03-29,LinkedIn Ads,240,56571.66
2025-03-29,Email Marketing,114,6658.75
2025-03-29,Affiliate Partners,248,23189.48
2025-03-30,Google Ads,370,50968.39
2025-03-30,Meta Ads,232,26681.94
2025-03-30,LinkedIn Ads,75,19577.57
2025-03-30,Email Marketing,119,5372.93
2025-03-30,Affiliate Partners,211,14552.76
2025-03-31,Google Ads,430,44826.59
2025-03-31,Meta Ads,455,50303.91
2025-03-31,LinkedIn Ads,83,21103.27
2025-03-31,Email Marketing,39,2234.59
2025-03-31,Affiliate Partners,124,11369.59
2025-04-01,Google Ads,356,40488.36
2025-04-01,Meta Ads,84,6210.73
2025-04-01,LinkedIn Ads,163,37619.29
2025-04-01,Email Marketing,160,13617.87
2025-04-01,Affiliate Partners,33,2731.43
2025-04-02,Google Ads,402,48315.37
2025-04-02,Meta Ads,479,31121.11
2025-04-02,LinkedIn Ads,243,60120.14
2025-04-02,Email Marketing,146,11186.46
2025-04-02,Affiliate Partners,147,12264.94
2025-04-03,Google Ads,154,19873.5
2025-04-03,Meta Ads,126,12547.07
2025-04-03,LinkedIn Ads,102,26062.46
2025-04-03,Email Marketing,112,6359.81
2025-04-03,Affiliate Partners,103,10073.5
2025-04-04,Google Ads,264,30737.08
2025-04-04,Meta Ads,134,10241.73
2025-04-04,LinkedIn Ads,151,39257.17
2025-04-04,Email Marketing,86,4886.96
2025-04-04,Affiliate Partners,290,24206.79
2025-04-05,Google Ads,174,20317.11
2025-04-05,Meta Ads,178,18373.36
2025-04-05,LinkedIn Ads,65,15356.63
2025-04-05,Email Marketing,109,9543.27
2025-04-05,Affiliate Partners,138,11204.77
2025-04-06,Google Ads,228,24412.98
2025-04-06,Meta Ads,91,5252.0
2025-04-06,LinkedIn Ads,76,17219.9
2025-04-06,Email Marketing,90,5854.34
2025-04-06,Affiliate Partners,232,16375.49
2025-04-07,Google Ads,308,43513.61
2025-04-07,Meta Ads,343,37439.99
2025-04-07,LinkedIn Ads,40,9275.79
2025-04-07,Email Marketing,122,11607.8
2025-04-07,Affiliate Partners,79,4953.28
2025-04-08,Google Ads,186,23264.56
2025-04-08,Meta Ads,292,27228.82
2025-04-08,LinkedIn Ads,37,9860.96
2025-04-08,Email Marketing,227,17701.48
2025-04-08,Affiliate Partners,159,16920.43
2025-04-09,Google Ads,445,45510.99
2025-04-09,Meta Ads,191,23166.52
2025-04-09,LinkedIn Ads,43,10516.86
2025-04-09,Email Marketing,74,5120.17
2025-04-09,Affiliate Partners,157,15201.98
2025-04-10,Google Ads,235,28891.36
2025-04-10,Meta Ads,262,17492.59
2025-04-10,LinkedIn Ads,79,21058.09
2025-04-10,Email Marketing,166,11614.01
2025-04-10,Affiliate Partners,66,4198.76
2025-04-11,Google Ads,292,39042.32
2025-04-11,Meta Ads,96,10929.37
2025-04-11,LinkedIn Ads,81,21950.51
2025-04-11,Email Marketing,71,3515.4
2025-04-11,Affiliate Partners,201,17595.9
2025-04-12,Google Ads,656,85667.82
2025-04-12,Meta Ads,99,7385.84
2025-04-12,LinkedIn Ads,114,26850.35
2025-04-12,Email Marketing,174,11437.76
2025-04-12,Affiliate Partners,173,15601.83
2025-04-13,Google Ads,448,50269.66
2025-04-13,Meta Ads,166,16006.51
2025-04-13,LinkedIn Ads,29,6991.69
2025-04-13,Email Marketing,32,2277.72
2025-04-13,Affiliate Partners,161,13986.48
2025-04-14,Google Ads,270,27729.0
2025-04-14,Meta Ads,96,6056.79
2025-04-14,LinkedIn Ads,77,18431.08
2025-04-14,Email Marketing,111,6894.41
2025-04-14,Affiliate Partners,158,13589.14
2025-04-15,Google Ads,155,18419.94
2025-04-15,Meta Ads,262,29282.15
2025-04-15,LinkedIn Ads,121,27195.97
2025-04-15,Email Marketing,110,7238.31
2025-04-15,Affiliate Partners,81,7094.75
2025-04-16,Google Ads,458,69833.94
2025-04-16,Meta Ads,89,8293.79
2025-04-16,LinkedIn Ads,33,8797.42
2025-04-16,Email Marketing,28,1617.19
2025-04-16,Affiliate Partners,302,28063.21
2025-04-17,Google Ads,231,22255.71
2025-04-17,Meta Ads,278,24711.53
2025-04-17,LinkedIn Ads,46,12861.05
2025-04-17,Email Marketing,87,6749.79
2025-04-17,Affiliate Partners,161,18365.55
2025-04-18,Google Ads,423,53878.12
2025-04-18,Meta Ads,202,18772.31
2025-04-18,LinkedIn Ads,113,28988.98
2025-04-18,Email Marketing,204,16367.13
2025-04-18,Affiliate Partners,171,13109.35
2025-04-19,Google Ads,353,38786.22
2025-04-19,Meta Ads,202,24214.41
2025-04-19,LinkedIn Ads,17,4109.72
2025-04-19,Email Marketing,185,15283.04
2025-04-19,Affiliate Partners,132,8000.6
2025-04-20,Google Ads,171,18962.14
2025-04-20,Meta Ads,85,8192.95
2025-04-20,LinkedIn Ads,107,23899.5
2025-04-20,Email Marketing,123,9075.99
2025-04-20,Affiliate Partners,59,5113.12
2025-04-21,Google Ads,519,65912.06
2025-04-21,Meta Ads,257,25143.28
2025-04-21,LinkedIn Ads,113,32101.78
2025-04-21,Email Marketing,176,13834.69
2025-04-21,Affiliate Partners,84,5096.73
2025-04-22,Google Ads,360,43985.81
2025-04-22,Meta Ads,160,14738.36
2025-04-22,LinkedIn Ads,63,16407.16
2025-04-22,Email Marketing,140,9565.83
2025-04-22,Affiliate Partners,153,11350.23
2025-04-23,Google Ads,340,38364.01
2025-04-23,Meta Ads,296,26073.21
2025-04-23,LinkedIn Ads,66,13599.85
2025-04-23,Email Marketing,303,26158.46
2025-04-23,Affiliate Partners,132,10597.26
2025-04-24,Google Ads,346,50320.8
2025-04-24,Meta Ads,290,26781.62
2025-04-24,LinkedIn Ads,123,31073.4
2025-04-24,Email Marketing,157,10020.16
2025-04-24,Affiliate Partners,114,8342.72
2025-04-25,Google Ads,240,28470.96
2025-04-25,Meta Ads,224,20335.59
2025-04-25,LinkedIn Ads,60,14354.69
2025-04-25,Email Marketing,43,3640.69
2025-04-25,Affiliate Partners,123,11968.37
2025-04-26,Google Ads,203,23439.86
2025-04-26,Meta Ads,186,15731.94
2025-04-26,LinkedIn Ads,94,22075.06
2025-04-26,Email Marketing,84,7808.05
2025-04-26,Affiliate Partners,89,5885.71
2025-04-27,Google Ads,118,13581.18
2025-04-27,Meta Ads,260,25335.18
2025-04-27,LinkedIn Ads,77,19840.78
2025-04-27,Email Marketing,139,11430.32
2025-04-27,Affiliate Partners,206,15914.07
2025-04-28,Google Ads,169,23272.92
2025-04-28,Meta Ads,280,25389.94
2025-04-28,LinkedIn Ads,98,23762.38
2025-04-28,Email Marketing,56,4191.3
2025-04-28,Affiliate Partners,64,5600.23
2025-04-29,Google Ads,842,116458.97
2025-04-29,Meta Ads,206,23830.2
2025-04-29,LinkedIn Ads,42,10773.91
2025-04-29,Email Marketing,129,7490.6
2025-04-29,Affiliate Partners,134,13291.83
2025-04-30,Google Ads,120,15304.94
2025-04-30,Meta Ads,184,13894.77
2025-04-30,LinkedIn Ads,53,12787.48
2025-04-30,Email Marketing,98,6569.03
2025-04-30,Affiliate Partners,55,2888.86
2025-05-01,Google Ads,342,48721.82
2025-05-01,Meta Ads,245,21669.89
2025-05-01,LinkedIn Ads,73,20544.95
2025-05-01,Email Marketing,78,6254.37
2025-05-01,Affiliate Partners,78,6182.64
2025-05-02,Google Ads,280,34989.58
2025-05-02,Meta Ads,363,37458.43
2025-05-02,LinkedIn Ads,35,9472.66
2025-05-02,Email Marketing,69,5541.11
2025-05-02,Affiliate Partners,146,9245.64
2025-05-03,Google Ads,202,22629.69
2025-05-03,Meta Ads,120,11424.08
2025-05-03,LinkedIn Ads,119,26465.46
2025-05-03,Email Marketing,115,9154.94
2025-05-03,Affiliate Partners,41,3210.43
2025-05-04,Google Ads,185,22845.98
2025-05-04,Meta Ads,105,6000.87
2025-05-04,LinkedIn Ads,212,56047.67
2025-05-04,Email Marketing,54,3965.55
2025-05-04,Affiliate Partners,146,12171.3
2025-05-05,Google Ads,327,37780.85
2025-05-05,Meta Ads,332,31477.51
2025-05-05,LinkedIn Ads,105,24249.65
2025-05-05,Email Marketing,75,4314.05
2025-05-05,Affiliate Partners,72,4879.39
2025-05-06,Google Ads,296,44953.99
2025-05-06,Meta Ads,480,57026.65
2025-05-06,LinkedIn Ads,45,11298.1
2025-05-06,Email Marketing,113,6730.8
2025-05-06,Affiliate Partners,111,10943.91
2025-05-07,Google Ads,535,72773.74
2025-05-07,Meta Ads,209,26031.91
2025-05-07,LinkedIn Ads,87,23393.3
2025-05-07,Email Marketing,103,5706.13
2025-05-07,Affiliate Partners,149,12671.28
2025-05-08,Google Ads,353,37997.26
2025-05-08,Meta Ads,188,22700.47
2025-05-08,LinkedIn Ads,51,13348.33
2025-05-08,Email Marketing,131,7637.59
2025-05-08,Affiliate Partners,164,9800.04
2025-05-09,Google Ads,505,60857.76
2025-05-09,Meta Ads,150,13097.04
2025-05-09,LinkedIn Ads,26,6770.21
2025-05-09,Email Marketing,138,7619.39
2025-05-09,Affiliate Partners,139,13611.08
2025-05-10,Google Ads,392,38967.59
2025-05-10,Meta Ads,200,12065.32
2025-05-10,LinkedIn Ads,146,40656.11
2025-05-10,Email Marketing,76,4368.87
2025-05-10,Affiliate Partners,75,4264.35
2025-05-11,Google Ads,160,20631.46
2025-05-11,Meta Ads,120,10375.25
2025-05-11,LinkedIn Ads,166,42549.65
2025-05-11,Email Marketing,120,7789.58
2025-05-11,Affiliate Partners,104,8126.98
2025-05-12,Google Ads,300,33763.81
2025-05-12,Meta Ads,188,14128.32
2025-05-12,LinkedIn Ads,95,22594.32
2025-05-12,Email Marketing,131,9678.27
2025-05-12,Affiliate Partners,62,5688.07
2025-05-13,Google Ads,579,73023.94
2025-05-13,Meta Ads,334,32288.32
2025-05-13,LinkedIn Ads,93,23458.36
2025-05-13,Email Marketing,63,4416.78
2025-05-13,Affiliate Partners,137,11289.81
2025-05-14,Google Ads,281,32202.43
2025-05-14,Meta Ads,297,28393.27
2025-05-14,LinkedIn Ads,103,27592.78
2025-05-14,Email Marketing,171,13845.99
2025-05-14,Affiliate Partners,142,11057.23
2025-05-15,Google Ads,251,33995.91
2025-05-15,Meta Ads,192,13988.1
2025-05-15,LinkedIn Ads,48,11953.42
2025-05-15,Email Marketing,80,5687.84
2025-05-15,Affiliate Partners,110,10766.32
2025-05-16,Google Ads,117,12075.2
2025-05-16,Meta Ads,190,17609.28
2025-05-16,LinkedIn Ads,63,16319.92
2025-05-16,Email Marketing,87,9333.17
2025-05-16,Affiliate Partners,112,11102.66
2025-05-17,Google Ads,534,68352.21
2025-05-17,Meta Ads,230,24902.77
2025-05-17,LinkedIn Ads,123,32359.2
2025-05-17,Email Marketing,78,4791.06
2025-05-17,Affiliate Partners,277,26037.15
2025-05-18,Google Ads,313,42560.98
2025-05-18,Meta Ads,268,20436.39
2025-05-18,LinkedIn Ads,90,22310.49
2025-05-18,Email Marketing,56,3479.36
2025-05-18,Affiliate Partners,151,13040.51
2025-05-19,Google Ads,144,14178.44
2025-05-19,Meta Ads,187,17618.23
2025-05-19,LinkedIn Ads,28,7425.31
2025-05-19,Email Marketing,76,9017.13
2025-05-19,Affiliate Partners,232,17928.56
2025-05-20,Google Ads,203,27391.55
2025-05-20,Meta Ads,180,11777.32
2025-05-20,LinkedIn Ads,34,8182.76
2025-05-20,Email Marketing,158,12237.59
2025-05-20,Affiliate Partners,131,8122.59
2025-05-21,Google Ads,175,23252.29
2025-05-21,Meta Ads,214,12780.65
2025-05-21,LinkedIn Ads,117,30642.02
2025-05-21,Email Marketing,60,3787.94
2025-05-21,Affiliate Partners,51,3796.5
2025-05-22,Google Ads,377,41198.48
2025-05-22,Meta Ads,167,15835.8
2025-05-22,LinkedIn Ads,44,10343.2
2025-05-22,Email Marketing,52,1941.89
2025-05-22,Affiliate Partners,258,26169.68
2025-05-23,Google Ads,94,10453.84
2025-05-23,Meta Ads,453,49283.07
2025-05-23,LinkedIn Ads,59,14137.36
2025-05-23,Email Marketing,60,4293.09
2025-05-23,Affiliate Partners,74,6227.87
2025-05-24,Google Ads,265,33080.28
2025-05-24,Meta Ads,133,10348.04
2025-05-24,LinkedIn Ads,111,28125.89
2025-05-24,Email Marketing,129,7142.67
2025-05-24,Affiliate Partners,153,13765.49
2025-05-25,Google Ads,469,63327.84
2025-05-25,Meta Ads,299,23402.71
2025-05-25,LinkedIn Ads,65,14523.21
2025-05-25,Email Marketing,122,5189.0
2025-05-25,Affiliate Partners,89,4349.09
2025-05-26,Google Ads,208,24491.0
2025-05-26,Meta Ads,56,4164.23
2025-05-26,LinkedIn Ads,98,25182.62
2025-05-26,Email Marketing,62,4634.21
2025-05-26,Affiliate Partners,175,14475.29
2025-05-27,Google Ads,359,46236.5
2025-05-27,Meta Ads,111,10418.24
2025-05-27,LinkedIn Ads,114,28513.48
2025-05-27,Email Marketing,40,2701.4
2025-05-27,Affiliate Partners,47,3059.68
2025-05-28,Google Ads,305,30247.42
2025-05-28,Meta Ads,192,13774.23
2025-05-28,LinkedIn Ads,102,24134.04
2025-05-28,Email Marketing,135,9520.3
2025-05-28,Affiliate Partners,164,14731.24
2025-05-29,Google Ads,142,14923.07
2025-05-29,Meta Ads,182,14041.76
2025-05-29,LinkedIn Ads,70,16172.28
2025-05-29,Email Marketing,50,3212.89
2025-05-29,Affiliate Partners,185,13696.44
2025-05-30,Google Ads,217,24738.33
2025-05-30,Meta Ads,181,16168.12
2025-05-30,LinkedIn Ads,80,19195.86
2025-05-30,Email Marketing,94,4921.6
2025-05-30,Affiliate Partners,90,8795.55
2025-05-31,Google Ads,616,72048.68
2025-05-31,Meta Ads,225,23746.8
2025-05-31,LinkedIn Ads,69,16245.92
2025-05-31,Email Marketing,94,8325.09
2025-05-31,Affiliate Partners,140,9167.1
2025-06-01,Google Ads,437,48413.11
2025-06-01,Meta Ads,207,21669.45
2025-06-01,LinkedIn Ads,32,8772.21
2025-06-01,Email Marketing,94,8118.11
2025-06-01,Affiliate Partners,286,22236.75
2025-06-02,Google Ads,451,50570.66
2025-06-02,Meta Ads,375,41040.35
2025-06-02,LinkedIn Ads,76,18583.32
2025-06-02,Email Marketing,185,9076.68
2025-06-02,Affiliate Partners,299,20672.9
2025-06-03,Google Ads,75,8491.56
2025-06-03,Meta Ads,146,13124.57
2025-06-03,LinkedIn Ads,67,16376.28
2025-06-03,Email Marketing,100,7479.29
2025-06-03,Affiliate Partners,194,15927.07
2025-06-04,Google Ads,144,14277.12
2025-06-04,Meta Ads,384,28239.16
2025-06-04,LinkedIn Ads,83,19829.48
2025-06-04,Email Marketing,177,14912.29
2025-06-04,Affiliate Partners,108,6157.03
2025-06-05,Google Ads,219,27271.08
2025-06-05,Meta Ads,84,5236.82
2025-06-05,LinkedIn Ads,130,32375.05
2025-06-05,Email Marketing,42,1556.44
2025-06-05,Affiliate Partners,244,20043.56
2025-06-06,Google Ads,134,17472.64
2025-06-06,Meta Ads,351,27378.31
2025-06-06,LinkedIn Ads,50,12205.21
2025-06-06,Email Marketing,94,8544.77
2025-06-06,Affiliate Partners,170,14694.82
2025-06-07,Google Ads,353,39415.35
2025-06-07,Meta Ads,97,11158.5
2025-06-07,LinkedIn Ads,56,15356.41
2025-06-07,Email Marketing,200,17976.3
2025-06-07,Affiliate Partners,116,10299.47
2025-06-08,Google Ads,257,25384.14
2025-06-08,Meta Ads,86,9042.22
2025-06-08,LinkedIn Ads,59,13423.37
2025-06-08,Email Marketing,62,4258.69
2025-06-08,Affiliate Partners,77,7256.78
2025-06-09,Google Ads,333,49228.24
2025-06-09,Meta Ads,116,9837.22
2025-06-09,LinkedIn Ads,53,13041.19
2025-06-09,Email Marketing,148,12491.88
2025-06-09,Affiliate Partners,230,14331.18
2025-06-10,Google Ads,293,38111.38
2025-06-10,Meta Ads,296,30580.52
2025-06-10,LinkedIn Ads,212,53191.07
2025-06-10,Email Marketing,222,19700.85
2025-06-10,Affiliate Partners,172,12858.45
2025-06-11,Google Ads,143,17973.28
2025-06-11,Meta Ads,211,17100.58
2025-06-11,LinkedIn Ads,31,7558.32
2025-06-11,Email Marketing,106,8274.83
2025-06-11,Affiliate Partners,276,20920.83
2025-06-12,Google Ads,444,56711.86
2025-06-12,Meta Ads,131,16081.75
2025-06-12,LinkedIn Ads,54,13029.67
2025-06-12,Email Marketing,106,7272.22
2025-06-12,Affiliate Partners,85,8223.96
2025-06-13,Google Ads,424,46226.82
2025-06-13,Meta Ads,155,14064.64
2025-06-13,LinkedIn Ads,107,25773.8
2025-06-13,Email Marketing,87,6496.0
2025-06-13,Affiliate Partners,117,12896.81
2025-06-14,Google Ads,506,57705.29
2025-06-14,Meta Ads,147,13996.37
2025-06-14,LinkedIn Ads,158,40342.94
2025-06-14,Email Marketing,34,2638.18
2025-06-14,Affiliate Partners,96,8498.07
2025-06-15,Google Ads,144,20223.14
2025-06-15,Meta Ads,185,25396.96
2025-06-15,LinkedIn Ads,38,9638.44
2025-06-15,Email Marketing,50,3914.86
2025-06-15,Affiliate Partners,262,28519.14
2025-06-16,Google Ads,196,18553.8
2025-06-16,Meta Ads,107,6459.34
2025-06-16,LinkedIn Ads,111,24311.64
2025-06-16,Email Marketing,67,2601.8
2025-06-16,Affiliate Partners,101,10569.72
2025-06-17,Google Ads,205,21944.76
2025-06-17,Meta Ads,276,24914.59
2025-06-17,LinkedIn Ads,53,12163.35
2025-06-17,Email Marketing,127,3738.13
2025-06-17,Affiliate Partners,116,8430.4
2025-06-18,Google Ads,462,55596.83
2025-06-18,Meta Ads,102,7672.96
2025-06-18,LinkedIn Ads,79,19656.31
2025-06-18,Email Marketing,98,6153.17
2025-06-18,Affiliate Partners,107,7729.1
2025-06-19,Google Ads,377,57510.99
2025-06-19,Meta Ads,34,2115.56
2025-06-19,LinkedIn Ads,79,18945.81
2025-06-19,Email Marketing,80,4662.61
2025-06-19,Affiliate Partners,365,37952.0
2025-06-20,Google Ads,247,32834.54
2025-06-20,Meta Ads,136,9891.65
2025-06-20,LinkedIn Ads,28,6660.06
2025-06-20,Email Marketing,134,10419.06
2025-06-20,Affiliate Partners,116,9241.2
2025-06-21,Google Ads,307,37782.91
2025-06-21,Meta Ads,103,6773.45
2025-06-21,LinkedIn Ads,82,21646.89
2025-06-21,Email Marketing,90,7245.95
2025-06-21,Affiliate Partners,129,10118.1
2025-06-22,Google Ads,355,38669.85
2025-06-22,Meta Ads,105,10174.93
2025-06-22,LinkedIn Ads,64,15021.09
2025-06-22,Email Marketing,102,9377.16
2025-06-22,Affiliate Partners,422,39849.38
2025-06-23,Google Ads,241,31630.89
2025-06-23,Meta Ads,159,12042.08
2025-06-23,LinkedIn Ads,81,19045.09
2025-06-23,Email Marketing,33,2403.72
2025-06-23,Affiliate Partners,47,2921.59
2025-06-24,Google Ads,487,62618.51
2025-06-24,Meta Ads,219,14659.03
2025-06-24,LinkedIn Ads,73,17761.69
2025-06-24,Email Marketing,213,13749.84
2025-06-24,Affiliate Partners,146,10829.52
2025-06-25,Google Ads,235,30433.66
2025-06-25,Meta Ads,171,19695.8
2025-06-25,LinkedIn Ads,20,5393.35
2025-06-25,Email Marketing,84,6963.08
2025-06-25,Affiliate Partners,170,16505.87
2025-06-26,Google Ads,360,37267.45
2025-06-26,Meta Ads,226,19955.3
2025-06-26,LinkedIn Ads,72,19333.53
2025-06-26,Email Marketing,49,3867.69
2025-06-26,Affiliate Partners,117,9128.04
2025-06-27,Google Ads,207,20181.81
2025-06-27,Meta Ads,355,39144.46
2025-06-27,LinkedIn Ads,55,13698.32
2025-06-27,Email Marketing,99,6493.05
2025-06-27,Affiliate Partners,181,13936.04
2025-06-28,Google Ads,368,50486.09
2025-06-28,Meta Ads,162,18367.86
2025-06-28,LinkedIn Ads,66,18113.35
2025-06-28,Email Marketing,68,4512.45
2025-06-28,Affiliate Partners,152,11123.07
2025-06-29,Google Ads,126,13971.55
2025-06-29,Meta Ads,380,39659.41
2025-06-29,LinkedIn Ads,225,57288.41
2025-06-29,Email Marketing,147,8347.94
2025-06-29,Affiliate Partners,407,28071.6
2025-06-30,Google Ads,264,30717.48
2025-06-30,Meta Ads,243,25771.48
2025-06-30,LinkedIn Ads,147,36505.66
2025-06-30,Email Marketing,156,10789.15
2025-06-30,Affiliate Partners,194,18113.69
