date,channel,spend,impressions,clicks
2025-01-01,Google Ads,1649.01,166945,9335
2025-01-01,Meta Ads,1166.82,71083,2086
2025-01-01,LinkedIn Ads,1052.67,54150,4234
2025-01-01,Email Marketing,346.05,37466,1226
2025-01-01,Affiliate Partners,544.39,38813,1998
2025-01-02,Google Ads,1360.28,109143,4089
2025-01-02,Meta Ads,956.92,67415,2830
2025-01-02,LinkedIn Ads,850.28,69659,4674
2025-01-02,Email Marketing,304.05,27811,633
2025-01-02,Affiliate Partners,429.03,39697,1200
2025-01-03,Google Ads,1319.81,129204,5996
2025-01-03,Meta Ads,1129.99,66152,3288
2025-01-03,LinkedIn Ads,931.61,66907,3425
2025-01-03,Email Marketing,226.75,20015,622
2025-01-03,Affiliate Partners,688.62,38696,1228
2025-01-04,Google Ads,1551.41,82482,3259
2025-01-04,Meta Ads,845.15,91286,3779
2025-01-04,LinkedIn Ads,684.82,47708,2507
2025-01-04,Email Marketing,319.45,17639,1397
2025-01-04,Affiliate Partners,553.79,57625,1839
2025-01-05,Google Ads,1809.3,188147,4598
2025-01-05,Meta Ads,1423.51,106894,2881
2025-01-05,LinkedIn Ads,853.0,62408,1486
2025-01-05,Email Marketing,358.53,25731,1016
2025-01-05,Affiliate Partners,697.5,78193,3779
2025-01-06,Google Ads,1906.87,111307,6989
2025-01-06,Meta Ads,1286.73,133778,6639
2025-01-06,LinkedIn Ads,1046.09,90581,4135
2025-01-06,Email Marketing,305.22,21977,1110
2025-01-06,Affiliate Partners,564.12,64044,2238
2025-01-07,Google Ads,1943.37,128293,3158
2025-01-07,Meta Ads,1075.62,75597,2243
2025-01-07,LinkedIn Ads,946.46,100568,3137
2025-01-07,Email Marketing,319.73,35962,1882
2025-01-07,Affiliate Partners,515.75,34016,1552
2025-01-08,Google Ads,1401.7,150347,10771
2025-01-08,Meta Ads,1201.23,95159,3171
2025-01-08,LinkedIn Ads,762.47,44520,1792
2025-01-08,Email Marketing,290.32,25059,1558
2025-01-08,Affiliate Partners,648.49,48930,3831
2025-01-09,Google Ads,924.37,64649,1436
2025-01-09,Meta Ads,1193.64,110613,5548
2025-01-09,LinkedIn Ads,769.22,46263,2283
2025-01-09,Email Marketing,318.09,37851,1306
2025-01-09,Affiliate Partners,737.14,49118,3128
2025-01-10,Google Ads,1725.58,130703,7572
2025-01-10,Meta Ads,1340.85,75516,5295
2025-01-10,LinkedIn Ads,1150.47,83357,2599
2025-01-10,Email Marketing,305.98,29811,625
2025-01-10,Affiliate Partners,539.58,46321,1555
2025-01-11,Google Ads,1181.31,116200,5020
2025-01-11,Meta Ads,1313.66,151821,4289
2025-01-11,LinkedIn Ads,674.68,77404,5622
2025-01-11,Email Marketing,280.68,19101,1138
2025-01-11,Affiliate Partners,627.3,54622,1885
2025-01-12,Google Ads,1892.14,106938,7895
2025-01-12,Meta Ads,1262.37,93077,3811
2025-01-12,LinkedIn Ads,925.09,93264,6885
2025-01-12,Email Marketing,315.03,29909,749
2025-01-12,Affiliate Partners,641.57,39337,2907
2025-01-13,Google Ads,1587.92,79958,2370
2025-01-13,Meta Ads,1028.56,90936,5593
2025-01-13,LinkedIn Ads,609.39,60849,2083
2025-01-13,Email Marketing,339.39,24700,1600
2025-01-13,Affiliate Partners,715.61,68721,3717
2025-01-14,Google Ads,1623.83,91839,3863
2025-01-14,Meta Ads,986.52,116518,5078
2025-01-14,LinkedIn Ads,669.47,75277,4356
2025-01-14,Email Marketing,300.78,27185,1347
2025-01-14,Affiliate Partners,774.42,49305,3123
2025-01-15,Google Ads,1178.73,136535,10545
2025-01-15,Meta Ads,1315.79,150053,6333
2025-01-15,LinkedIn Ads,875.72,102856,7321
2025-01-15,Email Marketing,295.63,20874,899
2025-01-15,Affiliate Partners,546.42,33803,1805
2025-01-16,Google Ads,1756.92,202978,12536
2025-01-16,Meta Ads,987.87,91922,7298
2025-01-16,LinkedIn Ads,824.6,49315,2519
2025-01-16,Email Marketing,321.47,31758,1973
2025-01-16,Affiliate Partners,667.29,50156,1886
2025-01-17,Google Ads,1654.51,183146,13698
2025-01-17,Meta Ads,1323.31,113531,5686
2025-01-17,LinkedIn Ads,891.34,88365,5986
2025-01-17,Email Marketing,368.13,41341,1665
2025-01-17,Affiliate Partners,507.26,45896,1016
2025-01-18,Google Ads,1428.95,118020,6202
2025-01-18,Meta Ads,1364.7,71148,1582
2025-01-18,LinkedIn Ads,541.97,58305,2426
2025-01-18,Email Marketing,303.86,31570,1040
2025-01-18,Affiliate Partners,470.67,44055,1106
2025-01-19,Google Ads,1513.67,132967,7744
2025-01-19,Meta Ads,1043.62,105224,8265
2025-01-19,LinkedIn Ads,475.98,50293,1823
2025-01-19,Email Marketing,311.19,25121,620
2025-01-19,Affiliate Partners,660.6,51940,1578
2025-01-20,Google Ads,1759.73,107256,3755
2025-01-20,Meta Ads,1623.71,156223,5748
2025-01-20,LinkedIn Ads,864.8,101043,6494
2025-01-20,Email Marketing,427.33,33917,1182
2025-01-20,Affiliate Partners,723.9,54232,3550
2025-01-21,Google Ads,1633.15,135864,3514
2025-01-21,Meta Ads,1385.91,116989,5663
2025-01-21,LinkedIn Ads,759.59,59168,3369
2025-01-21,Email Marketing,225.13,21265,483
2025-01-21,Affiliate Partners,772.95,65870,4702
2025-01-22,Google Ads,1069.24,102763,3059
2025-01-22,Meta Ads,1247.77,64704,3568
2025-01-22,LinkedIn Ads,703.97,81530,4445
2025-01-22,Email Marketing,395.16,32433,1710
2025-01-22,Affiliate Partners,451.46,52325,2258
2025-01-23,Google Ads,1584.3,87109,3409
2025-01-23,Meta Ads,1050.55,114658,2453
2025-01-23,LinkedIn Ads,705.7,41122,2541
2025-01-23,Email Marketing,350.98,33000,2397
2025-01-23,Affiliate Partners,697.54,48648,1490
2025-01-24,Google Ads,1688.89,173183,11847
2025-01-24,Meta Ads,1194.98,90868,6050
2025-01-24,LinkedIn Ads,818.77,60471,4586
2025-01-24,Email Marketing,286.94,29428,1920
2025-01-24,Affiliate Partners,731.85,41875,3105
2025-01-25,Google Ads,1891.64,136961,10098
2025-01-25,Meta Ads,1205.04,93082,1922
2025-01-25,LinkedIn Ads,851.87,99278,5401
2025-01-25,Email Marketing,292.19,27532,1291
2025-01-25,Affiliate Partners,479.28,46526,3030
2025-01-26,Google Ads,1135.74,119719,8066
2025-01-26,Meta Ads,1197.06,64676,3425
2025-01-26,LinkedIn Ads,656.44,53110,3890
2025-01-26,Email Marketing,250.47,15030,987
2025-01-26,Affiliate Partners,561.43,52367,1365
2025-01-27,Google Ads,1573.49,86688,6008
2025-01-27,Meta Ads,1078.33,107226,2667
2025-01-27,LinkedIn Ads,568.31,60749,4667
2025-01-27,Email Marketing,215.55,25655,1672
2025-01-27,Affiliate Partners,513.79,53639,2869
2025-01-28,Google Ads,1435.97,114440,8512
2025-01-28,Meta Ads,1195.44,60721,2921
2025-01-28,LinkedIn Ads,639.6,34500,935
2025-01-28,Email Marketing,319.36,32646,1795
2025-01-28,Affiliate Partners,500.73,58761,2496
2025-01-29,Google Ads,1707.04,112070,8718
2025-01-29,Meta Ads,1103.71,56124,4388
2025-01-29,LinkedIn Ads,835.85,46110,2454
2025-01-29,Email Marketing,300.76,35444,1821
2025-01-29,Affiliate Partners,774.14,63338,3651
2025-01-30,Google Ads,1787.78,162512,12037
2025-01-30,Meta Ads,1725.55,119782,3747
2025-01-30,LinkedIn Ads,670.67,55302,2278
2025-01-30,Email Marketing,254.45,30078,2381
2025-01-30,Affiliate Partners,618.05,61107,3187
2025-01-31,Google Ads,1785.13,174819,5202
2025-01-31,Meta Ads,1061.54,120766,8375
2025-01-31,LinkedIn Ads,588.76,67879,4884
2025-01-31,Email Marketing,409.89,21791,470
2025-01-31,Affiliate Partners,741.53,88323,2563
2025-02-01,Google Ads,1359.25,124492,5334
2025-02-01,Meta Ads,1172.51,92672,3373
2025-02-01,LinkedIn Ads,998.05,53841,3870
2025-02-01,Email Marketing,300.31,31181,2391
2025-02-01,Affiliate Partners,605.64,66302,2310
2025-02-02,Google Ads,1179.71,137771,7766
2025-02-02,Meta Ads,1165.83,76950,4640
2025-02-02,LinkedIn Ads,554.54,32135,1937
2025-02-02,Email Marketing,376.66,32551,2159
2025-02-02,Affiliate Partners,741.52,65723,3526
2025-02-03,Google Ads,1520.26,169304,7484
2025-02-03,Meta Ads,1354.89,134521,4409
2025-02-03,LinkedIn Ads,1018.98,60676,1266
2025-02-03,Email Marketing,363.51,28156,1302
2025-02-03,Affiliate Partners,388.95,44064,1802
2025-02-04,Google Ads,1950.71,151683,8695
2025-02-04,Meta Ads,1217.78,134401,10345
2025-02-04,LinkedIn Ads,527.46,43325,3414
2025-02-04,Email Marketing,296.67,25063,995
2025-02-04,Affiliate Partners,443.46,24528,680
2025-02-05,Google Ads,1700.9,100290,2919
2025-02-05,Meta Ads,1287.98,80797,3291
2025-02-05,LinkedIn Ads,649.62,73260,3548
2025-02-05,Email Marketing,240.86,15284,343
2025-02-05,Affiliate Partners,660.49,40834,1499
2025-02-06,Google Ads,1467.89,94595,3959
2025-02-06,Meta Ads,951.54,81108,4981
2025-02-06,LinkedIn Ads,688.04,76476,5754
2025-02-06,Email Marketing,312.84,16979,621
2025-02-06,Affiliate Partners,673.7,42386,1380
2025-02-07,Google Ads,1727.25,131155,6435
2025-02-07,Meta Ads,836.35,68896,4467
2025-02-07,LinkedIn Ads,1018.7,53550,1882
2025-02-07,Email Marketing,334.59,28713,1490
2025-02-07,Affiliate Partners,637.35,36648,1716
2025-02-08,Google Ads,1018.07,70090,2988
2025-02-08,Meta Ads,1248.83,64196,2524
2025-02-08,LinkedIn Ads,696.55,40666,2986
2025-02-08,Email Marketing,235.11,21524,1307
2025-02-08,Affiliate Partners,599.04,33596,1754
2025-02-09,Google Ads,1943.98,177055,11460
2025-02-09,Meta Ads,951.06,66445,2776
2025-02-09,LinkedIn Ads,769.55,73271,3974
2025-02-09,Email Marketing,216.09,12343,360
2025-02-09,Affiliate Partners,667.56,44871,1330
2025-02-10,Google Ads,1322.28,82161,6063
2025-02-10,Meta Ads,992.64,55207,2841
2025-02-10,LinkedIn Ads,843.27,48777,2139
2025-02-10,Email Marketing,296.99,35003,2517
2025-02-10,Affiliate Partners,530.79,32888,1977
2025-02-11,Google Ads,1726.62,198658,10609
2025-02-11,Meta Ads,799.34,83023,2592
2025-02-11,LinkedIn Ads,886.94,64442,2933
2025-02-11,Email Marketing,202.35,11743,665
2025-02-11,Affiliate Partners,605.77,42527,2333
2025-02-12,Google Ads,1480.18,129191,2985
2025-02-12,Meta Ads,909.36,66894,1877
2025-02-12,LinkedIn Ads,961.01,65180,3968
2025-02-12,Email Marketing,265.39,27392,1526
2025-02-12,Affiliate Partners,303.4,22579,1710
2025-02-13,Google Ads,1260.93,136361,10622
2025-02-13,Meta Ads,1289.08,149125,4604
2025-02-13,LinkedIn Ads,703.36,38442,2478
2025-02-13,Email Marketing,370.07,22124,1498
2025-02-13,Affiliate Partners,630.53,40425,1205
2025-02-14,Google Ads,1618.34,156272,8029
2025-02-14,Meta Ads,1098.96,82552,5995
2025-02-14,LinkedIn Ads,992.19,80109,3413
2025-02-14,Email Marketing,275.52,22699,864
2025-02-14,Affiliate Partners,602.21,39899,2951
2025-02-15,Google Ads,2002.93,153970,8100
2025-02-15,Meta Ads,1256.55,73109,5584
2025-02-15,LinkedIn Ads,923.34,86738,3477
2025-02-15,Email Marketing,320.31,29918,1555
2025-02-15,Affiliate Partners,550.17,61933,4169
2025-02-16,Google Ads,1362.19,91803,5933
2025-02-16,Meta Ads,996.04,52139,2825
2025-02-16,LinkedIn Ads,876.64,64823,4490
2025-02-16,Email Marketing,320.02,18479,1308
2025-02-16,Affiliate Partners,567.62,60059,1741
2025-02-17,Google Ads,1206.37,79677,5046
2025-02-17,Meta Ads,1408.71,138865,7299
2025-02-17,LinkedIn Ads,1016.9,68768,2801
2025-02-17,Email Marketing,193.28,15914,1222
2025-02-17,Affiliate Partners,779.53,47344,2612
2025-02-18,Google Ads,2233.73,114518,8282
2025-02-18,Meta Ads,1231.01,141872,7648
2025-02-18,LinkedIn Ads,876.96,87263,2543
2025-02-18,Email Marketing,313.43,28315,1597
2025-02-18,Affiliate Partners,791.18,91306,6896
2025-02-19,Google Ads,1346.64,109829,2942
2025-02-19,Meta Ads,1213.37,110889,4872
2025-02-19,LinkedIn Ads,975.07,52491,2105
2025-02-19,Email Marketing,239.27,20964,1576
2025-02-19,Affiliate Partners,401.42,29802,1216
2025-02-20,Google Ads,1399.26,91962,4335
2025-02-20,Meta Ads,1600.57,95809,2930
2025-02-20,LinkedIn Ads,368.5,42023,1754
2025-02-20,Email Marketing,296.74,26897,1558
2025-02-20,Affiliate Partners,567.73,31778,2536
2025-02-21,Google Ads,1168.04,99463,5542
2025-02-21,Meta Ads,1203.34,77848,5751
2025-02-21,LinkedIn Ads,796.14,51239,1611
2025-02-21,Email Marketing,298.03,26685,638
2025-02-21,Affiliate Partners,534.79,55771,2632
2025-02-22,Google Ads,704.71,55004,2947
2025-02-22,Meta Ads,1461.96,88984,2751
2025-02-22,LinkedIn Ads,574.8,54651,2433
2025-02-22,Email Marketing,253.33,13116,385
2025-02-22,Affiliate Partners,712.28,36965,1231
2025-02-23,Google Ads,1881.47,124506,7509
2025-02-23,Meta Ads,1074.12,102784,3524
2025-02-23,LinkedIn Ads,878.3,50028,1730
2025-02-23,Email Marketing,342.66,37046,1623
2025-02-23,Affiliate Partners,653.31,63218,2041
2025-02-24,Google Ads,1677.93,85423,2146
2025-02-24,Meta Ads,1125.71,72666,1568
2025-02-24,LinkedIn Ads,852.18,67748,4983
2025-02-24,Email Marketing,224.93,24117,976
2025-02-24,Affiliate Partners,515.48,47073,1698
2025-02-25,Google Ads,1077.46,100947,4498
2025-02-25,Meta Ads,700.34,49452,3803
2025-02-25,LinkedIn Ads,1071.43,110842,3148
2025-02-25,Email Marketing,297.74,33531,2279
2025-02-25,Affiliate Partners,732.4,58419,1247
2025-02-26,Google Ads,1592.34,150226,5329
2025-02-26,Meta Ads,789.56,47180,3307
2025-02-26,LinkedIn Ads,802.95,49796,1809
2025-02-26,Email Marketing,320.85,16455,1231
2025-02-26,Affiliate Partners,623.5,43136,2297
2025-02-27,Google Ads,1206.49,115339,8048
2025-02-27,Meta Ads,1261.45,116098,6954
2025-02-27,LinkedIn Ads,957.23,59612,4462
2025-02-27,Email Marketing,189.55,16362,373
2025-02-27,Affiliate Partners,446.45,27519,1768
2025-02-28,Google Ads,1556.03,104525,4531
2025-02-28,Meta Ads,1018.71,71522,2956
2025-02-28,LinkedIn Ads,643.86,57720,2803
2025-02-28,Email Marketing,363.22,35034,2669
2025-02-28,Affiliate Partners,497.0,25934,926
2025-03-01,Google Ads,1710.09,156739,3618
2025-03-01,Meta Ads,1814.42,133173,8823
2025-03-01,LinkedIn Ads,784.63,45086,1104
2025-03-01,Email Marketing,297.9,29250,1348
2025-03-01,Affiliate Partners,812.5,54638,3778
2025-03-02,Google Ads,1689.72,116675,6465
2025-03-02,Meta Ads,1433.41,107890,2750
2025-03-02,LinkedIn Ads,788.09,49617,2605
2025-03-02,Email Marketing,337.24,37469,2395
2025-03-02,Affiliate Partners,667.17,65689,4660
2025-03-03,Google Ads,1824.23,123093,6076
2025-03-03,Meta Ads,1303.11,81627,4414
2025-03-03,LinkedIn Ads,833.23,95058,2094
2025-03-03,Email Marketing,235.14,26971,2110
2025-03-03,Affiliate Partners,726.38,84331,4086
2025-03-04,Google Ads,1508.5,109120,7609
2025-03-04,Meta Ads,1207.14,63484,3540
2025-03-04,LinkedIn Ads,730.48,40458,2499
2025-03-04,Email Marketing,281.45,20768,1318
2025-03-04,Affiliate Partners,577.58,50690,3418
2025-03-05,Google Ads,1368.08,98929,5693
2025-03-05,Meta Ads,1264.09,83818,1799
2025-03-05,LinkedIn Ads,942.34,104512,2223
2025-03-05,Email Marketing,304.94,35291,2397
2025-03-05,Affiliate Partners,727.86,87237,3580
2025-03-06,Google Ads,1344.81,112414,6480
2025-03-06,Meta Ads,1538.24,170987,13515
2025-03-06,LinkedIn Ads,728.72,57929,3722
2025-03-06,Email Marketing,387.2,25832,687
2025-03-06,Affiliate Partners,438.67,31031,1055
2025-03-07,Google Ads,1224.4,64827,1366
2025-03-07,Meta Ads,1191.68,91643,5569
2025-03-07,LinkedIn Ads,837.47,54668,4209
2025-03-07,Email Marketing,359.06,41698,2003
2025-03-07,Affiliate Partners,574.32,53376,1602
2025-03-08,Google Ads,1549.94,143433,7280
2025-03-08,Meta Ads,1318.19,87194,2667
2025-03-08,LinkedIn Ads,700.3,73230,3002
2025-03-08,Email Marketing,266.67,14413,1126
2025-03-08,Affiliate Partners,770.46,76060,2223
2025-03-09,Google Ads,1328.78,142322,4763
2025-03-09,Meta Ads,1248.7,114263,6262
2025-03-09,LinkedIn Ads,557.48,31444,2284
2025-03-09,Email Marketing,263.23,29537,2284
2025-03-09,Affiliate Partners,553.48,61075,4187
2025-03-10,Google Ads,1697.56,95214,4237
2025-03-10,Meta Ads,1682.45,128014,4555
2025-03-10,LinkedIn Ads,794.7,44243,1469
2025-03-10,Email Marketing,407.67,39881,979
2025-03-10,Affiliate Partners,598.03,50019,2778
2025-03-11,Google Ads,1856.52,199998,8173
2025-03-11,Meta Ads,1363.65,93672,6811
2025-03-11,LinkedIn Ads,1095.47,115922,6898
2025-03-11,Email Marketing,349.23,34511,2098
2025-03-11,Affiliate Partners,660.87,61661,4018
2025-03-12,Google Ads,1449.86,106504,6881
2025-03-12,Meta Ads,1235.21,75660,5226
2025-03-12,LinkedIn Ads,804.6,40589,1510
2025-03-12,Email Marketing,376.71,35103,2768
2025-03-12,Affiliate Partners,436.82,41226,2160
2025-03-13,Google Ads,1723.88,180298,4763
2025-03-13,Meta Ads,1259.85,147918,5992
2025-03-13,LinkedIn Ads,1052.39,99223,7533
2025-03-13,Email Marketing,273.21,19416,1213
2025-03-13,Affiliate Partners,623.29,34103,1873
2025-03-14,Google Ads,1858.51,98876,7147
2025-03-14,Meta Ads,834.44,98583,7702
2025-03-14,LinkedIn Ads,710.57,73244,1572
2025-03-14,Email Marketing,322.63,16631,655
2025-03-14,Affiliate Partners,787.86,77077,3603
2025-03-15,Google Ads,1480.27,102366,8171
2025-03-15,Meta Ads,852.48,52387,3546
2025-03-15,LinkedIn Ads,448.19,44172,1468
2025-03-15,Email Marketing,314.63,30146,1097
2025-03-15,Affiliate Partners,532.31,62046,1803
2025-03-16,Google Ads,1695.06,134555,7846
2025-03-16,Meta Ads,1176.2,91545,3337
2025-03-16,LinkedIn Ads,792.71,89248,3016
2025-03-16,Email Marketing,314.6,20423,446
2025-03-16,Affiliate Partners,449.82,49706,2405
2025-03-17,Google Ads,1933.13,227671,7087
2025-03-17,Meta Ads,1282.25,133308,9423
2025-03-17,LinkedIn Ads,873.08,90164,5191
2025-03-17,Email Marketing,311.79,32974,1612
2025-03-17,Affiliate Partners,685.08,39879,1097
2025-03-18,Google Ads,1297.08,83060,4111
2025-03-18,Meta Ads,1632.23,88947,4884
2025-03-18,LinkedIn Ads,934.5,67027,3171
2025-03-18,Email Marketing,260.84,13254,322
2025-03-18,Affiliate Partners,545.72,50207,1882
2025-03-19,Google Ads,772.84,76239,5459
2025-03-19,Meta Ads,967.93,64795,5131
2025-03-19,LinkedIn Ads,792.37,47521,2372
2025-03-19,Email Marketing,390.2,34796,716
2025-03-19,Affiliate Partners,705.28,51381,2623
2025-03-20,Google Ads,1425.85,74606,1843
2025-03-20,Meta Ads,1036.32,80610,2254
2025-03-20,LinkedIn Ads,1087.63,115333,3691
2025-03-20,Email Marketing,338.45,20890,548
2025-03-20,Affiliate Partners,767.92,40094,3054
2025-03-21,Google Ads,1777.39,95335,5002
2025-03-21,Meta Ads,1367.57,136738,9312
2025-03-21,LinkedIn Ads,862.96,63653,4385
2025-03-21,Email Marketing,379.04,30953,1814
2025-03-21,Affiliate Partners,623.71,54168,3461
2025-03-22,Google Ads,1304.57,144840,4801
2025-03-22,Meta Ads,1083.87,128232,5156
2025-03-22,LinkedIn Ads,883.65,84927,4237
2025-03-22,Email Marketing,265.58,23603,1490
2025-03-22,Affiliate Partners,604.56,38672,2351
2025-03-23,Google Ads,1536.01,84563,1846
2025-03-23,Meta Ads,1138.23,126092,8023
2025-03-23,LinkedIn Ads,533.03,54363,2475
2025-03-23,Email Marketing,226.45,26978,604
2025-03-23,Affiliate Partners,424.28,46963,2569
2025-03-24,Google Ads,2005.18,168568,12205
2025-03-24,Meta Ads,1089.87,123208,5581
2025-03-24,LinkedIn Ads,904.37,102976,3361
2025-03-24,Email Marketing,205.42,19228,1113
2025-03-24,Affiliate Partners,524.93,52549,3917
2025-03-25,Google Ads,1618.74,101297,3469
2025-03-25,Meta Ads,1193.87,80354,5805
2025-03-25,LinkedIn Ads,987.64,80167,4079
2025-03-25,Email Marketing,368.93,22669,985
2025-03-25,Affiliate Partners,391.23,46110,1636
2025-03-26,Google Ads,1111.6,115765,3224
2025-03-26,Meta Ads,1478.6,174308,8232
2025-03-26,LinkedIn Ads,812.29,59776,4168
2025-03-26,Email Marketing,223.02,17877,624
2025-03-26,Affiliate Partners,780.09,48126,1446
2025-03-27,Google Ads,1755.07,92258,5921
2025-03-27,Meta Ads,1122.81,122489,8370
2025-03-27,LinkedIn Ads,1132.28,103008,7426
2025-03-27,Email Marketing,284.46,19594,458
2025-03-27,Affiliate Partners,576.44,50254,3829
2025-03-28,Google Ads,1719.79,124050,6256
2025-03-28,Meta Ads,1180.63,62467,1805
2025-03-28,LinkedIn Ads,946.61,77462,3945
2025-03-28,Email Marketing,320.79,27016,1621
2025-03-28,Affiliate Partners,732.98,47005,2839
2025-03-29,Google Ads,1188.03,140061,3590
2025-03-29,Meta Ads,1050.3,116341,3563
2025-03-29,LinkedIn Ads,1106.25,108947,7657
2025-03-29,Email Marketing,309.03,26206,1495
2025-03-29,Affiliate Partners,643.8,71347,3869
2025-03-30,Google Ads,1831.66,119235,7098
2025-03-30,Meta Ads,1484.89,115183,6804
2025-03-30,LinkedIn Ads,848.42,101775,2329
2025-03-30,Email Marketing,254.74,30162,1339
2025-03-30,Affiliate Partners,638.56,57273,3683
2025-03-31,Google Ads,1626.58,181356,8024
2025-03-31,Meta Ads,1485.47,158275,10404
2025-03-31,LinkedIn Ads,603.58,63887,2947
2025-03-31,Email Marketing,291.0,25640,521
2025-03-31,Affiliate Partners,615.07,44728,1878
2025-04-01,Google Ads,1978.35,152726,7166
2025-04-01,Meta Ads,996.73,66410,2815
2025-04-01,LinkedIn Ads,1062.72,99220,4743
2025-04-01,Email Marketing,360.59,27615,1982
2025-04-01,Affiliate Partners,300.07,15542,629
2025-04-02,Google Ads,2187.28,167575,7361
2025-04-02,Meta Ads,1445.42,133778,8815
2025-04-02,LinkedIn Ads,1190.36,127260,8028
2025-04-02,Email Marketing,345.54,23166,1751
2025-04-02,Affiliate Partners,633.74,34360,2613
2025-04-03,Google Ads,1273.81,107014,3789
2025-04-03,Meta Ads,1132.64,79217,3044
2025-04-03,LinkedIn Ads,828.78,59499,3368
2025-04-03,Email Marketing,383.52,38402,1396
2025-04-03,Affiliate Partners,482.1,30218,1839
2025-04-04,Google Ads,1432.61,89825,4626
2025-04-04,Meta Ads,1055.67,94706,3352
2025-04-04,LinkedIn Ads,851.17,99930,4897
2025-04-04,Email Marketing,313.43,16624,964
2025-04-04,Affiliate Partners,763.7,89045,4995
2025-04-05,Google Ads,1514.66,99915,3269
2025-04-05,Meta Ads,1209.74,112226,5012
2025-04-05,LinkedIn Ads,600.98,62884,2294
2025-04-05,Email Marketing,258.43,27802,1262
2025-04-05,Affiliate Partners,519.18,48631,2290
2025-04-06,Google Ads,1583.7,144215,4338
2025-04-06,Meta Ads,1352.11,88119,2268
2025-04-06,LinkedIn Ads,866.21,44743,2618
2025-04-06,Email Marketing,357.83,23701,1029
2025-04-06,Affiliate Partners,865.26,79269,3948
2025-04-07,Google Ads,1258.9,100679,6348
2025-04-07,Meta Ads,1593.39,156901,12469
2025-04-07,LinkedIn Ads,891.04,61651,1526
2025-04-07,Email Marketing,397.7,22269,1640
2025-04-07,Affiliate Partners,530.2,34922,1442
2025-04-08,Google Ads,1195.57,65588,3354
2025-04-08,Meta Ads,1256.11,140188,8278
2025-04-08,LinkedIn Ads,551.06,48111,1898
2025-04-08,Email Marketing,373.66,44685,2668
2025-04-08,Affiliate Partners,454.84,40501,2585
2025-04-09,Google Ads,1288.5,115141,8918
2025-04-09,Meta Ads,1186.62,73891,4536
2025-04-09,LinkedIn Ads,827.1,46952,2207
2025-04-09,Email Marketing,215.18,22148,904
2025-04-09,Affiliate Partners,730.96,83988,2862
2025-04-10,Google Ads,1682.74,131173,3823
2025-04-10,Meta Ads,1491.14,128934,7402
2025-04-10,LinkedIn Ads,822.67,46266,3021
2025-04-10,Email Marketing,308.01,32261,2017
2025-04-10,Affiliate Partners,581.7,30557,1166
2025-04-11,Google Ads,1264.2,70966,5408
2025-04-11,Meta Ads,880.5,78158,2995
2025-04-11,LinkedIn Ads,623.46,57384,2923
2025-04-11,Email Marketing,170.83,19535,973
2025-04-11,Affiliate Partners,609.82,46738,3396
2025-04-12,Google Ads,1470.33,162859,11132
2025-04-12,Meta Ads,1039.66,57871,2556
2025-04-12,LinkedIn Ads,958.73,59581,3675
2025-04-12,Email Marketing,301.69,28620,1984
2025-04-12,Affiliate Partners,598.91,35501,2546
2025-04-13,Google Ads,1492.49,137962,9090
2025-04-13,Meta Ads,1396.26,86901,4358
2025-04-13,LinkedIn Ads,629.58,47676,1148
2025-04-13,Email Marketing,281.69,14593,410
2025-04-13,Affiliate Partners,606.8,71364,3279
2025-04-14,Google Ads,1658.91,119154,6001
2025-04-14,Meta Ads,974.56,92444,3047
2025-04-14,LinkedIn Ads,776.95,72544,4280
2025-04-14,Email Marketing,287.19,15528,1237
2025-04-14,Affiliate Partners,778.89,42094,2597
2025-04-15,Google Ads,1315.98,129559,3075
2025-04-15,Meta Ads,1127.41,96573,7706
2025-04-15,LinkedIn Ads,869.91,62144,3569
2025-04-15,Email Marketing,371.44,32275,1470
2025-04-15,Affiliate Partners,435.97,33022,1480
2025-04-16,Google Ads,1432.57,154613,9897
2025-04-16,Meta Ads,1061.64,54508,1939
2025-04-16,LinkedIn Ads,385.43,39784,1122
2025-04-16,Email Marketing,211.27,10742,370
2025-04-16,Affiliate Partners,622.0,73589,5010
2025-04-17,Google Ads,1495.41,86257,4561
2025-04-17,Meta Ads,1339.03,109541,7740
2025-04-17,LinkedIn Ads,795.63,48138,1900
2025-04-17,Email Marketing,244.0,24794,1204
2025-04-17,Affiliate Partners,435.37,35770,2400
2025-04-18,Google Ads,1015.93,114237,8832
2025-04-18,Meta Ads,1039.42,102039,4719
2025-04-18,LinkedIn Ads,966.38,65546,4617
2025-04-18,Email Marketing,429.44,41292,3043
2025-04-18,Affiliate Partners,527.31,49866,2834
2025-04-19,Google Ads,1509.6,91348,5868
2025-04-19,Meta Ads,1019.18,87502,5321
2025-04-19,LinkedIn Ads,741.55,40776,845
2025-04-19,Email Marketing,311.08,36382,2337
2025-04-19,Affiliate Partners,438.34,32647,2170
2025-04-20,Google Ads,1208.52,116375,3620
2025-04-20,Meta Ads,1484.57,101772,2163
2025-04-20,LinkedIn Ads,915.03,51014,3982
2025-04-20,Email Marketing,359.76,33719,1447
2025-04-20,Affiliate Partners,509.18,32790,894
2025-04-21,Google Ads,1898.46,180492,9352
2025-04-21,Meta Ads,1333.5,70590,5513
2025-04-21,LinkedIn Ads,697.04,82667,4638
2025-04-21,Email Marketing,355.67,32284,2094
2025-04-21,Affiliate Partners,664.6,39189,1579
2025-04-22,Google Ads,1821.75,209439,7011
2025-04-22,Meta Ads,949.25,76659,4352
2025-04-22,LinkedIn Ads,485.38,56311,1939
2025-04-22,Email Marketing,286.72,32137,1888
2025-04-22,Affiliate Partners,566.78,39682,2736
2025-04-23,Google Ads,1449.86,149122,7103
2025-04-23,Meta Ads,1267.82,138116,8799
2025-04-23,LinkedIn Ads,906.06,56556,2980
2025-04-23,Email Marketing,370.41,44051,3358
2025-04-23,Affiliate Partners,647.96,69490,2280
2025-04-24,Google Ads,1304.59,111424,7848
2025-04-24,Meta Ads,1274.12,116358,5876
2025-04-24,LinkedIn Ads,1072.35,75953,4093
2025-04-24,Email Marketing,345.2,32635,2143
2025-04-24,Affiliate Partners,645.74,39522,1884
2025-04-25,Google Ads,1437.29,152360,4912
2025-04-25,Meta Ads,995.88,88489,5661
2025-04-25,LinkedIn Ads,608.66,45574,3054
2025-04-25,Email Marketing,326.68,29007,589
2025-04-25,Affiliate Partners,505.81,59212,2491
2025-04-26,Google Ads,1694.48,123502,3573
2025-04-26,Meta Ads,1373.37,164452,6923
2025-04-26,LinkedIn Ads,740.35,60266,3816
2025-04-26,Email Marketing,313.48,24265,1086
2025-04-26,Affiliate Partners,711.91,70260,1418
2025-04-27,Google Ads,1042.3,110060,2815
2025-04-27,Meta Ads,1503.02,137036,6695
2025-04-27,LinkedIn Ads,709.72,64299,3452
2025-04-27,Email Marketing,311.07,27762,1560
2025-04-27,Affiliate Partners,722.89,49797,3461
2025-04-28,Google Ads,1677.76,142404,3506
2025-04-28,Meta Ads,1159.16,121645,7598
2025-04-28,LinkedIn Ads,727.48,76533,3905
2025-04-28,Email Marketing,231.5,16893,777
2025-04-28,Affiliate Partners,576.76,32415,1077
2025-04-29,Google Ads,1954.03,234258,17800
2025-04-29,Meta Ads,1351.39,128354,5811
2025-04-29,LinkedIn Ads,995.37,58013,2587
2025-04-29,Email Marketing,334.93,36435,1567
2025-04-29,Affiliate Partners,826.15,51975,2169
2025-04-30,Google Ads,1962.97,144113,3108
2025-04-30,Meta Ads,1233.81,87490,6687
2025-04-30,LinkedIn Ads,517.05,35237,1613
2025-04-30,Email Marketing,330.82,27151,1329
2025-04-30,Affiliate Partners,536.08,31812,790
2025-05-01,Google Ads,1491.75,120204,7665
2025-05-01,Meta Ads,1625.34,168362,4972
2025-05-01,LinkedIn Ads,640.26,65688,3903
2025-05-01,Email Marketing,318.11,37206,898
2025-05-01,Affiliate Partners,587.98,40170,1398
2025-05-02,Google Ads,1438.9,163225,5708
2025-05-02,Meta Ads,1419.26,115643,7702
2025-05-02,LinkedIn Ads,671.49,36647,1805
2025-05-02,Email Marketing,154.55,11484,849
2025-05-02,Affiliate Partners,706.09,36382,2176
2025-05-03,Google Ads,1520.1,175689,4064
2025-05-03,Meta Ads,1323.83,104999,3738
2025-05-03,LinkedIn Ads,927.08,59209,3192
2025-05-03,Email Marketing,224.74,18535,1451
2025-05-03,Affiliate Partners,406.18,23553,684
2025-05-04,Google Ads,1849.42,121640,4264
2025-05-04,Meta Ads,1248.14,108135,2907
2025-05-04,LinkedIn Ads,983.78,108422,6870
2025-05-04,Email Marketing,310.59,27346,681
2025-05-04,Affiliate Partners,555.96,45633,2239
2025-05-05,Google Ads,1630.97,134327,6005
2025-05-05,Meta Ads,1416.94,135414,7139
2025-05-05,LinkedIn Ads,803.33,85512,4066
2025-05-05,Email Marketing,256.32,13748,923
2025-05-05,Affiliate Partners,522.48,32148,1279
2025-05-06,Google Ads,1260.24,129770,6639
2025-05-06,Meta Ads,1277.54,142535,10295
2025-05-06,LinkedIn Ads,759.62,50678,2385
2025-05-06,Email Marketing,352.99,30960,1543
2025-05-06,Affiliate Partners,590.66,33893,2013
2025-05-07,Google Ads,1372.09,143099,11142
2025-05-07,Meta Ads,1475.63,94829,4874
2025-05-07,LinkedIn Ads,947.08,85645,4973
2025-05-07,Email Marketing,259.91,27512,1203
2025-05-07,Affiliate Partners,608.14,37131,2292
2025-05-08,Google Ads,1755.83,185289,7227
2025-05-08,Meta Ads,1119.65,70421,5185
2025-05-08,LinkedIn Ads,735.42,70453,2052
2025-05-08,Email Marketing,423.75,23663,1726
2025-05-08,Affiliate Partners,471.9,50140,2522
2025-05-09,Google Ads,1476.11,175491,10542
2025-05-09,Meta Ads,1308.57,123564,3701
2025-05-09,LinkedIn Ads,770.06,47247,980
2025-05-09,Email Marketing,359.14,32029,1654
2025-05-09,Affiliate Partners,669.56,37199,2376
2025-05-10,Google Ads,1597.74,100847,7209
2025-05-10,Meta Ads,1240.43,123692,4806
2025-05-10,LinkedIn Ads,1010.82,83879,5812
2025-05-10,Email Marketing,172.69,14608,1018
2025-05-10,Affiliate Partners,527.06,38720,1178
2025-05-11,Google Ads,1752.19,99952,3437
2025-05-11,Meta Ads,1331.22,79790,3261
2025-05-11,LinkedIn Ads,1058.46,101167,5792
2025-05-11,Email Marketing,280.66,20955,1477
2025-05-11,Affiliate Partners,648.45,61206,1687
2025-05-12,Google Ads,1492.74,145292,5739
2025-05-12,Meta Ads,1088.49,67749,4833
2025-05-12,LinkedIn Ads,832.19,54843,3851
2025-05-12,Email Marketing,352.28,34731,1762
2025-05-12,Affiliate Partners,438.48,31295,1025
2025-05-13,Google Ads,1654.17,183587,12110
2025-05-13,Meta Ads,1243.1,130763,7832
2025-05-13,LinkedIn Ads,865.57,83918,4500
2025-05-13,Email Marketing,285.52,16494,772
2025-05-13,Affiliate Partners,732.85,64685,2770
2025-05-14,Google Ads,1463.89,173288,4616
2025-05-14,Meta Ads,1071.52,109073,8189
2025-05-14,LinkedIn Ads,785.51,54673,3909
2025-05-14,Email Marketing,330.79,33997,2321
2025-05-14,Affiliate Partners,568.85,29159,2267
2025-05-15,Google Ads,1219.37,131762,4860
2025-05-15,Meta Ads,1460.64,162266,4341
2025-05-15,LinkedIn Ads,858.77,48741,1682
2025-05-15,Email Marketing,410.29,20870,1004
2025-05-15,Affiliate Partners,695.99,49280,1872
2025-05-16,Google Ads,1015.11,103564,2370
2025-05-16,Meta Ads,1428.07,160602,4997
2025-05-16,LinkedIn Ads,1073.7,59620,2049
2025-05-16,Email Marketing,304.2,16565,1157
2025-05-16,Affiliate Partners,739.43,67974,1828
2025-05-17,Google Ads,1792.56,199921,10856
2025-05-17,Meta Ads,1320.26,113834,5216
2025-05-17,LinkedIn Ads,695.35,72435,4064
2025-05-17,Email Marketing,190.16,21388,996
2025-05-17,Affiliate Partners,793.47,72538,4508
2025-05-18,Google Ads,1894.47,126210,6404
2025-05-18,Meta Ads,1140.95,95995,5676
2025-05-18,LinkedIn Ads,665.08,77506,4343
2025-05-18,Email Marketing,302.62,28563,692
2025-05-18,Affiliate Partners,803.41,54476,2272
2025-05-19,Google Ads,1316.47,78727,2882
2025-05-19,Meta Ads,1191.11,140559,5605
2025-05-19,LinkedIn Ads,574.99,53332,1964
2025-05-19,Email Marketing,295.01,19025,970
2025-05-19,Affiliate Partners,562.89,59768,3246
2025-05-20,Google Ads,1274.35,109450,4116
2025-05-20,Meta Ads,1161.57,65159,3715
2025-05-20,LinkedIn Ads,907.41,52601,2141
2025-05-20,Email Marketing,364.56,30822,1915
2025-05-20,Affiliate Partners,602.56,72003,2008
2025-05-21,Google Ads,1287.48,102390,4572
2025-05-21,Meta Ads,836.71,94993,5969
2025-05-21,LinkedIn Ads,547.01,58893,4552
2025-05-21,Email Marketing,353.7,38017,763
2025-05-21,Affiliate Partners,542.03,36875,869
2025-05-22,Google Ads,1544.04,142461,8717
2025-05-22,Meta Ads,1135.55,93043,3921
2025-05-22,LinkedIn Ads,657.41,38439,1735
2025-05-22,Email Marketing,292.12,16245,670
2025-05-22,Affiliate Partners,609.22,70621,4245
2025-05-23,Google Ads,1172.88,107384,2212
2025-05-23,Meta Ads,1538.62,145441,10878
2025-05-23,LinkedIn Ads,952.5,95896,2611
2025-05-23,Email Marketing,317.23,35901,861
2025-05-23,Affiliate Partners,462.75,23516,1065
2025-05-24,Google Ads,1532.57,108280,5323
2025-05-24,Meta Ads,1068.31,62613,3350
2025-05-24,LinkedIn Ads,814.86,60316,3845
2025-05-24,Email Marketing,358.17,35270,1615
2025-05-24,Affiliate Partners,651.26,63242,2309
2025-05-25,Google Ads,1800.17,146263,9931
2025-05-25,Meta Ads,1039.05,111770,7986
2025-05-25,LinkedIn Ads,778.51,56302,3092
2025-05-25,Email Marketing,348.65,26491,1485
2025-05-25,Affiliate Partners,723.91,55175,1655
2025-05-26,Google Ads,1838.01,147292,4206
2025-05-26,Meta Ads,1126.07,68478,1474
2025-05-26,LinkedIn Ads,924.75,88042,5125
2025-05-26,Email Marketing,266.27,20948,810
2025-05-26,Affiliate Partners,574.89,55993,3155
2025-05-27,Google Ads,1129.7,134617,6359
2025-05-27,Meta Ads,1057.81,103854,2952
2025-05-27,LinkedIn Ads,724.19,61832,4813
2025-05-27,Email Marketing,299.13,23001,513
2025-05-27,Affiliate Partners,589.4,36072,771
2025-05-28,Google Ads,1389.0,142976,6792
2025-05-28,Meta Ads,1334.62,77581,6001
2025-05-28,LinkedIn Ads,752.72,54179,3971
2025-05-28,Email Marketing,370.39,44032,1642
2025-05-28,Affiliate Partners,644.36,75569,3277
2025-05-29,Google Ads,1028.74,90424,2644
2025-05-29,Meta Ads,929.58,82508,4331
2025-05-29,LinkedIn Ads,902.09,72916,2781
2025-05-29,Email Marketing,330.05,22494,712
2025-05-29,Affiliate Partners,579.82,39959,3116
2025-05-30,Google Ads,1358.37,120948,4939
2025-05-30,Meta Ads,942.54,76424,4400
2025-05-30,LinkedIn Ads,838.28,70602,3114
2025-05-30,Email Marketing,366.06,34206,1097
2025-05-30,Affiliate Partners,835.0,64845,1450
2025-05-31,Google Ads,2293.3,151226,11771
2025-05-31,Meta Ads,839.29,95394,6041
2025-05-31,LinkedIn Ads,973.73,57591,3883
2025-05-31,Email Marketing,305.88,17966,1215
2025-05-31,Affiliate Partners,674.59,78308,2265
2025-06-01,Google Ads,1389.12,114445,9025
2025-06-01,Meta Ads,1470.25,134103,5702
2025-06-01,LinkedIn Ads,791.78,55428,1784
2025-06-01,Email Marketing,264.26,22670,1123
2025-06-01,Affiliate Partners,764.93,69157,4974
2025-06-02,Google Ads,1483.53,160112,10546
2025-06-02,Meta Ads,1268.53,114354,8846
2025-06-02,LinkedIn Ads,768.43,84355,3909
2025-06-02,Email Marketing,290.92,31794,2339
2025-06-02,Affiliate Partners,671.23,63002,4761
2025-06-03,Google Ads,617.88,31720,1541
2025-06-03,Meta Ads,1469.79,144740,4062
2025-06-03,LinkedIn Ads,951.6,67523,2803
2025-06-03,Email Marketing,262.4,16990,1315
2025-06-03,Affiliate Partners,703.49,35610,2844
2025-06-04,Google Ads,1785.94,126128,2630
2025-06-04,Meta Ads,1323.14,134498,9421
2025-06-04,LinkedIn Ads,697.36,71647,4738
2025-06-04,Email Marketing,325.92,31319,2066
2025-06-04,Affiliate Partners,642.17,36091,1777
2025-06-05,Google Ads,1821.05,100950,4487
2025-06-05,Meta Ads,1037.96,77242,2059
2025-06-05,LinkedIn Ads,776.88,82796,6363
2025-06-05,Email Marketing,186.38,10321,516
2025-06-05,Affiliate Partners,625.6,66072,4124
2025-06-06,Google Ads,1017.73,67441,2485
2025-06-06,Meta Ads,1016.95,108044,8184
2025-06-06,LinkedIn Ads,932.72,67626,3285
2025-06-06,Email Marketing,288.37,18981,1109
2025-06-06,Affiliate Partners,607.19,45567,2682
2025-06-07,Google Ads,1583.21,92783,6802
2025-06-07,Meta Ads,475.32,43258,2486
2025-06-07,LinkedIn Ads,829.42,45638,2781
2025-06-07,Email Marketing,348.43,37482,2557
2025-06-07,Affiliate Partners,483.17,42845,2194
2025-06-08,Google Ads,1617.72,111620,5558
2025-06-08,Meta Ads,1077.85,75340,2111
2025-06-08,LinkedIn Ads,716.15,73337,2864
2025-06-08,Email Marketing,309.14,15459,783
2025-06-08,Affiliate Partners,560.65,60973,1233
2025-06-09,Google Ads,1546.56,104048,6706
2025-06-09,Meta Ads,1042.05,78379,2839
2025-06-09,LinkedIn Ads,751.4,81895,3177
2025-06-09,Email Marketing,315.75,25376,1892
2025-06-09,Affiliate Partners,623.23,47622,3707
2025-06-10,Google Ads,1579.61,133582,5778
2025-06-10,Meta Ads,1060.14,99960,6220
2025-06-10,LinkedIn Ads,954.46,112267,7371
2025-06-10,Email Marketing,374.17,43610,2710
2025-06-10,Affiliate Partners,525.88,55074,3230
2025-06-11,Google Ads,1405.18,74998,3120
2025-06-11,Meta Ads,1200.13,96359,4573
2025-06-11,LinkedIn Ads,896.19,57913,2439
2025-06-11,Email Marketing,269.51,27956,1257
2025-06-11,Affiliate Partners,582.27,62624,4447
2025-06-12,Google Ads,1686.66,140093,10200
2025-06-12,Meta Ads,926.68,60328,3660
2025-06-12,LinkedIn Ads,551.4,32842,1940
2025-06-12,Email Marketing,349.07,35501,1382
2025-06-12,Affiliate Partners,457.27,45692,1459
2025-06-13,Google Ads,1992.8,223821,8336
2025-06-13,Meta Ads,1069.41,61818,3149
2025-06-13,LinkedIn Ads,773.95,53194,3730
2025-06-13,Email Marketing,286.28,24191,1070
2025-06-13,Affiliate Partners,480.68,41898,2334
2025-06-14,Google Ads,1494.22,175488,8974
2025-06-14,Meta Ads,1136.91,110766,4287
2025-06-14,LinkedIn Ads,914.46,79092,6213
2025-06-14,Email Marketing,343.09,20169,423
2025-06-14,Affiliate Partners,680.74,39765,1428
2025-06-15,Google Ads,1677.54,85938,3231
2025-06-15,Meta Ads,1224.45,91057,3852
2025-06-15,LinkedIn Ads,1047.84,52491,1994
2025-06-15,Email Marketing,309.89,33868,725
2025-06-15,Affiliate Partners,606.11,68428,4584
2025-06-16,Google Ads,1433.04,111576,4259
2025-06-16,Meta Ads,1557.57,85041,2865
2025-06-16,LinkedIn Ads,783.48,80166,3882
2025-06-16,Email Marketing,201.41,10885,843
2025-06-16,Affiliate Partners,602.51,70730,1735
2025-06-17,Google Ads,1569.21,118628,3976
2025-06-17,Meta Ads,1109.95,103857,6945
2025-06-17,LinkedIn Ads,749.17,67785,1953
2025-06-17,Email Marketing,329.89,25458,1538
2025-06-17,Affiliate Partners,736.82,50246,2045
2025-06-18,Google Ads,1429.79,118528,8700
2025-06-18,Meta Ads,1311.93,130589,3099
2025-06-18,LinkedIn Ads,666.38,39582,3066
2025-06-18,Email Marketing,425.37,37039,1278
2025-06-18,Affiliate Partners,842.83,46639,1701
2025-06-19,Google Ads,1502.04,159948,7610
2025-06-19,Meta Ads,669.15,35513,1063
2025-06-19,LinkedIn Ads,1045.35,84869,2762
2025-06-19,Email Marketing,274.25,32153,1022
2025-06-19,Affiliate Partners,670.63,78195,6231
2025-06-20,Google Ads,1020.56,82246,4574
2025-06-20,Meta Ads,1310.92,72252,4142
2025-06-20,LinkedIn Ads,868.14,89428,2656
2025-06-20,Email Marketing,301.15,25110,1584
2025-06-20,Affiliate Partners,686.37,66346,1974
2025-06-21,Google Ads,1112.02,99587,6602
2025-06-21,Meta Ads,1124.87,56954,2359
2025-06-21,LinkedIn Ads,799.89,91853,3097
2025-06-21,Email Marketing,224.98,16314,1156
2025-06-21,Affiliate Partners,672.54,67940,1747
2025-06-22,Google Ads,1368.98,114532,6842
2025-06-22,Meta Ads,1184.13,69028,2577
2025-06-22,LinkedIn Ads,919.07,109854,2493
2025-06-22,Email Marketing,289.13,29858,1263
2025-06-22,Affiliate Partners,770.35,88043,6784
2025-06-23,Google Ads,1319.87,119314,4942
2025-06-23,Meta Ads,1035.69,92678,3847
2025-06-23,LinkedIn Ads,926.5,88910,3060
2025-06-23,Email Marketing,300.86,19693,439
2025-06-23,Affiliate Partners,485.53,25500,778
2025-06-24,Google Ads,1377.89,160568,8814
2025-06-24,Meta Ads,1364.72,109945,6025
2025-06-24,LinkedIn Ads,1058.75,73874,3042
2025-06-24,Email Marketing,306.26,34480,2647
2025-06-24,Affiliate Partners,577.31,60400,2934
2025-06-25,Google Ads,1776.5,150696,4864
2025-06-25,Meta Ads,899.43,65846,4694
2025-06-25,LinkedIn Ads,858.18,55348,1343
2025-06-25,Email Marketing,143.75,15346,1076
2025-06-25,Affiliate Partners,623.87,45700,2815
2025-06-26,Google Ads,1704.06,103286,7493
2025-06-26,Meta Ads,1486.2,130394,4817
2025-06-26,LinkedIn Ads,719.33,42405,2795
2025-06-26,Email Marketing,295.11,14755,663
2025-06-26,Affiliate Partners,518.92,61291,2057
2025-06-27,Google Ads,1510.25,107671,4116
2025-06-27,Meta Ads,1363.05,138939,9851
2025-06-27,LinkedIn Ads,616.19,49039,1872
2025-06-27,Email Marketing,371.65,39831,1230
2025-06-27,Affiliate Partners,482.26,36635,2715
2025-06-28,Google Ads,1320.75,120643,7197
2025-06-28,Meta Ads,1541.37,85533,4505
2025-06-28,LinkedIn Ads,667.13,69811,3841
2025-06-28,Email Marketing,331.35,38653,871
2025-06-28,Affiliate Partners,678.05,47978,3016
2025-06-29,Google Ads,1049.08,108191,2829
2025-06-29,Meta Ads,1678.96,127348,9675
2025-06-29,LinkedIn Ads,1297.59,140042,8659
2025-06-29,Email Marketing,280.76,32138,1982
2025-06-29,Affiliate Partners,815.43,82381,5906
2025-06-30,Google Ads,1751.68,111524,4541
2025-06-30,Meta Ads,1051.86,77304,6084
2025-06-30,LinkedIn Ads,870.32,87810,4717
2025-06-30,Email Marketing,346.74,40324,2007
2025-06-30,Affiliate Partners,469.0,49260,3155
